Workbook

Sheet readme
A1: README
A3: 20230303 Okayasu 修正
A4: 20230221 Okayasu 修正
A5: 20230220 Okayasu 修正
A6: 20230219 Okayasu
A8: * 更新履歴
A9: 20230303 : injector_lattice_20230303.xlsx
A10: fy_r0_02，SY2 の 4 台の磁場特性 (ボア径・有効磁場長) については，紙谷氏回答待ち．
A11: 従来ファイル名を injector_lattice_file_(survey_data_year)_(revice_id) としていたが，由元氏の依頼により命名ルールを変更．
A12: SY2 の計 4 台の偏向電磁石 : bm_dc_1, 2, 3, 4 の設計座標 (x) を修正．
A13: ファイル名を injector_lattice_(修正日)_revise#.xlsx の命名規則に変更．
A14: "lattice_file" シート名を "lattice" に変更．
... A87: M 列 : Bore dia/DA [mm] 電磁石の場合は Linac_Magnet_parameters_20210910.xlsx から拾ったボア直径．
B88: 真空機器の場合はチェンバーまで拾うと数が膨大になるため，コリメータ・ビームストッパのみ (可動) 代表値を入れた．
A89: N 列 : 空欄
A90: O 列 : 備考．
A92: 4. 測地線補正
A93: 測地線曲線の三次関数の係数算出．
A94: 3 ~ 24 行は A セクター先頭から B セクター終端までの PD センサーの座標．N$3 ~ Q$3 までの係数を参照．
A95: 26 ~ 105 行は C セクター先頭から 5 セクター終端までの PD センサーの座標．N$26 ~ Q$26 までの係数を参照．
A96: 多項式の係数参照先は "lattice_file" シートの R 列．
A98: 5. survey_data
A99: 測量データの SA (Spatial Analayzer) 出力．
A100: 内訳は point name, x, y, z, Ux, Uy, Uz．単位は全て mm．Ux ~ Uz は網計算後の各測量点の誤差．
A102: 6. lattice_file
A103: A ~ G 列は "設計座標" シートと共通．
... A105: K, L, M, N 列 : x, y, z の測量座標 (srveyed coordinates)．識別用に suffix "s" を付した．
B106: ys に関しては設計座標と同値．
B107: 尚，M 列の zs はリフレクタ中心の水準で，光学計算では利用度が少ないと判断し，フォントをグレーにした．
B108: N 列の zs' は機器中心水準に測地線補正を勘案したもの．光学計算で活用されたし．
A109: O, P, Q, R 列 : 測量座標と設計座標の差分．水準に関しては機器中心である R 列の値を参照すべし．
B110: 尚，測量していない電磁石以外の座標については，最初に Δx, Δz を隣接する電磁石から線形補間で算出し，x, z を求めた．
A111: S, T, U 列 : 右上図で定義した機器の傾き誤差．
B112: 但し A1/AS の機器に関しては測量を実施していないため，全ての傾き誤差を 0 とした．
A113: V 列 : Length [mm] 電磁石の場合は Linac_Magnet_Parameters_20210910.xlsx から拾った磁極長長さ．真空機器の場合はコリメータ・ビームストッパの長さ．
A114: W 列 : Bore dia/DA [mm] 電磁石の場合は Linac_Magnet_parameters_20210910.xlsx から拾ったボア直径．
B115: 真空機器の場合はチェンバーまで拾うと数が膨大になるため，コリメータ・ビームストッパのみ (可動) 代表値を入れた．
A116: X 列 : 空欄
A117: Y 列 : 備考．

Sheet magnet_list
A1: 電磁石名称 | B1: 電源名称 | C1: 情報更新日 | D1: 情報更新者 | E1: 電磁石形式 | F1: 所属ビームライン名 | G1: ビームライン座標値 | H1: 製造者 | I1: 製造年月 | J1: 設置年月 | K1: 型番/製造番号 | L1: ボア直径/磁極間距離 [mm] | M1: 磁極長 [mm] | N1: 最大電流 [A] | O1: ヨーク部外径 [mm] | P1: 最大電圧 [V] | Q1: コイル巻数 [turn/coil] | R1: コイル導線径 [mm] | S1: コイル導線断面積 [mm^2] | T1: インダクタンス [mH] | U1: コイル抵抗値 [Ohm/Magnet] | V1: 磁場特性 (最大) | W1: 冷却方式 | X1: 冷却水量 [L/min] | Y1: 重量 [kg] | Z1: Component ID | AA1: 物品管理番号 | AB1: Remarks | AC1: 予備1 | AD1: 予備2 | AE1: 予備3 | AF1: 予備4 | AG1: 予備5 | AH1: 励磁特性データ代表名 | AI1: ヒステリシスループの向き | AJ1: 磁場有効長 | AK1: 電流の区間数 | AL1: 区間最小電流 | AM1: 区間最大電流 | AN1: 多項式係数BL0 | AO1: BL1 | AP1: BL2 | AQ1: BL3 | AR1: BL4 | AS1: BL5 | AT1: BL6 | AU1: BL7 | AV1: BL8 | AW1: BL9
A2: ML_AT_G0 | B2: ML_AT_G0 | C2: 2021/09/10 | D2: 紙谷 | E2: マグネティックレンズ | M2: 60 | N2: 3 | Q2: 1361 | V2: 0.20715 | AH2: ML_AT_G0 | AJ2: 0.02473 | AK2: 1 | AL2: 0 | AM2: 3 | AN2: 0 | AO2: 0.001708843 | AP2: 0 | AQ2: 0 | AR2: 0 | AS2: 0 | AT2: 0 | AU2: 0 | AV2: 0 | AW2: 0
A3: SX_AT_G0 | B3: SX_AT_G0 | C3: 2021/09/10 | D3: 紙谷 | E3: 空芯ステアリングコイル | J3: 2015.05 | L3: 74 | M3: 65 | N3: 3 | P3: 1.6 | Q3: 45 | U3: 0.54166667 | V3: 0.001428 | W3: air | AB3: ターン数は概算値 | AH3: SX_AT_G0 | AJ3: 0.05796 | AK3: 1 | AL3: -3 | AM3: 3 | AN3: 0 | AO3: 2.758896e-05 | AP3: 0 | AQ3: 0 | AR3: 0 | AS3: 0 | AT3: 0 | AU3: 0 | AV3: 0 | AW3: 0
A4: SY_AT_G0 | B4: SY_AT_G0 | C4: 2021/09/10 | D4: 紙谷 | E4: 空芯ステアリングコイル | J4: 2015.05 | L4: 74 | M4: 65 | N4: 3 | P4: 1.6 | Q4: 45 | U4: 0.54166667 | V4: 0.001428 | W4: air | AB4: ターン数は概算値 | AH4: SX_AT_G0 | AJ4: 0.05796 | AK4: 1 | AL4: -3 | AM4: 3 | AN4: 0 | AO4: 2.758896e-05 | AP4: 0 | AQ4: 0 | AR4: 0 | AS4: 0 | AT4: 0 | AU4: 0 | AV4: 0 | AW4: 0
A5: ML_AT_G1 | B5: ML_AT_G1 | C5: 2021/09/10 | D5: 紙谷 | E5: マグネティックレンズ | M5: 60 | N5: 3 | Q5: 1361 | V5: 0.20715 | AH5: ML_AT_G0 | AJ5: 0.02473 | AK5: 1 | AL5: 0 | AM5: 3 | AN5: 0 | AO5: 0.001708843 | AP5: 0 | AQ5: 0 | AR5: 0 | AS5: 0 | AT5: 0 | AU5: 0 | AV5: 0 | AW5: 0
A6: SX_AT_G1 | B6: SX_AT_G1 | C6: 2021/09/10 | D6: 紙谷 | E6: 空芯ステアリングコイル | J6: 2015.05 | L6: 40 | M6: 40 | N6: 3 | P6: 4.8 | Q6: 66 | U6: 1.5923333 | V6: 0.0034 | W6: air | AB6: ターン数は概算値 | AH6: SX_AT_G1 | AJ6: 0.04196 | AK6: 1 | AL6: -3 | AM6: 3 | AN6: 0 | AO6: 4.7554667e-05 | AP6: 0 | AQ6: 0 | AR6: 0 | AS6: 0 | AT6: 0 | AU6: 0 | AV6: 0 | AW6: 0
A7: SY_AT_G1 | B7: SY_AT_G1 | C7: 2021/09/10 | D7: 紙谷 | E7: 空芯ステアリングコイル | J7: 2015.05 | L7: 40 | M7: 40 | N7: 3 | P7: 4.8 | Q7: 66 | U7: 1.5923333 | V7: 0.0034 | W7: air | AB7: ターン数は概算値 | AH7: SX_AT_G1 | AJ7: 0.04196 | AK7: 1 | AL7: -3 | AM7: 3 | AN7: 0 | AO7: 4.7554667e-05 | AP7: 0 | AQ7: 0 | AR7: 0 | AS7: 0 | AT7: 0 | AU7: 0 | AV7: 0 | AW7: 0
A8: SL_AT_G1 | B8: SL_AT_G1 | C8: 2021/09/10 | D8: 紙谷 | E8: ヘルムホルツコイル | H8: TOKIN | AH8: SL_AT_G1 | AJ8: 0.29026695 | AK8: 1 | AL8: 0 | AM8: 35 | AN8: 0 | AO8: 0.00077925926 | AP8: 0 | AQ8: 0 | AR8: 0 | AS8: 0 | AT8: 0 | AU8: 0 | AV8: 0 | AW8: 0
A9: SL_AT_G2 | B9: SL_AT_G2 | C9: 2021/09/10 | D9: 紙谷 | E9: ヘルムホルツコイル | H9: TOKIN | AH9: SL_AT_G1 | AJ9: 0.29026695 | AK9: 1 | AL9: 0 | AM9: 35 | AN9: 0 | AO9: 0.00077925926 | AP9: 0 | AQ9: 0 | AR9: 0 | AS9: 0 | AT9: 0 | AU9: 0 | AV9: 0 | AW9: 0
A10: SL_AT_G3 | B10: SL_AT_G3/4 | C10: 2021/09/10 | D10: 紙谷 | E10: ヘルムホルツコイル | H10: TOKIN | AH10: SL_AT_G1 | AJ10: 0.29026695 | AK10: 1 | AL10: 0 | AM10: 35 | AN10: 0 | AO10: 0.00077925926 | AP10: 0 | AQ10: 0 | AR10: 0 | AS10: 0 | AT10: 0 | AU10: 0 | AV10: 0 | AW10: 0
A11: SL_AT_G4 | B11: SL_AT_G3/4 | C11: 2021/09/10 | D11: 紙谷 | E11: ヘルムホルツコイル | H11: TOKIN | AH11: SL_AT_G1 | AJ11: 0.29026695 | AK11: 1 | AL11: 0 | AM11: 35 | AN11: 0 | AO11: 0.00077925926 | AP11: 0 | AQ11: 0 | AR11: 0 | AS11: 0 | AT11: 0 | AU11: 0 | AV11: 0 | AW11: 0
A12: SX_AT_G4 | B12: SX_AT_G4 | C12: 2021/09/10 | D12: 紙谷 | E12: 空芯ステアリングコイル | J12: 2015.05 | L12: 76 | M12: 125 | N12: 5 | P12: 5.9 | Q12: 96 | V12: 0.00433 | W12: air | AB12: ターン数は概算値 | AH12: SX_AT_G4 | AJ12: 0.09973 | AK12: 1 | AL12: -5 | AM12: 5 | AN12: 0 | AO12: 8.636618e-05 | AP12: 0 | AQ12: 0 | AR12: 0 | AS12: 0 | AT12: 0 | AU12: 0 | AV12: 0 | AW12: 0
A13: SY_AT_G4 | B13: SY_AT_G4 | C13: 2021/09/10 | D13: 紙谷 | E13: 空芯ステアリングコイル | J13: 2015.05 | L13: 76 | M13: 125 | N13: 5 | P13: 5.9 | Q13: 96 | V13: 0.00433 | W13: air | AB13: ターン数は概算値 | AH13: SX_AT_G4 | AJ13: 0.09973 | AK13: 1 | AL13: -5 | AM13: 5 | AN13: 0 | AO13: 8.636618e-05 | AP13: 0 | AQ13: 0 | AR13: 0 | AS13: 0 | AT13: 0 | AU13: 0 | AV13: 0 | AW13: 0
A14: SL_AT_G5 | B14: SL_AT_G5/6 | C14: 2021/09/10 | D14: 紙谷 | E14: ヘルムホルツコイル | H14: TOKIN | AH14: SL_AT_G1 | AJ14: 0.29026695 | AK14: 1 | AL14: 0 | AM14: 35 | AN14: 0 | AO14: 0.00077925926 | AP14: 0 | AQ14: 0 | AR14: 0 | AS14: 0 | AT14: 0 | AU14: 0 | AV14: 0 | AW14: 0
A15: SL_AT_G6 | B15: SL_AT_G5/6 | C15: 2021/09/10 | D15: 紙谷 | E15: ヘルムホルツコイル | H15: TOKIN | AH15: SL_AT_G1 | AJ15: 0.29026695 | AK15: 1 | AL15: 0 | AM15: 35 | AN15: 0 | AO15: 0.00077925926 | AP15: 0 | AQ15: 0 | AR15: 0 | AS15: 0 | AT15: 0 | AU15: 0 | AV15: 0 | AW15: 0
A16: SL_AT_S1 | B16: SL_AT_S1/2 | C16: 2021/09/10 | D16: 紙谷 | E16: ヘルムホルツコイル | H16: TOKIN | AH16: SL_AT_G1 | AJ16: 0.29026695 | AK16: 1 | AL16: 0 | AM16: 35 | AN16: 0 | AO16: 0.00077925926 | AP16: 0 | AQ16: 0 | AR16: 0 | AS16: 0 | AT16: 0 | AU16: 0 | AV16: 0 | AW16: 0
A17: SL_AT_S2 | B17: SL_AT_S1/2 | C17: 2021/09/10 | D17: 紙谷 | E17: ヘルムホルツコイル | H17: TOKIN | AH17: SL_AT_G1 | AJ17: 0.29026695 | AK17: 1 | AL17: 0 | AM17: 35 | AN17: 0 | AO17: 0.00077925926 | AP17: 0 | AQ17: 0 | AR17: 0 | AS17: 0 | AT17: 0 | AU17: 0 | AV17: 0 | AW17: 0
A18: SL_AT_S3 | B18: SL_AT_S3/4 | C18: 2021/09/10 | D18: 紙谷 | E18: ヘルムホルツコイル | H18: TOKIN | AH18: SL_AT_G1 | AJ18: 0.29026695 | AK18: 1 | AL18: 0 | AM18: 35 | AN18: 0 | AO18: 0.00077925926 | AP18: 0 | AQ18: 0 | AR18: 0 | AS18: 0 | AT18: 0 | AU18: 0 | AV18: 0 | AW18: 0
A19: SL_AT_S4 | B19: SL_AT_S3/4 | C19: 2021/09/10 | D19: 紙谷 | E19: ヘルムホルツコイル | H19: TOKIN | AH19: SL_AT_G1 | AJ19: 0.29026695 | AK19: 1 | AL19: 0 | AM19: 35 | AN19: 0 | AO19: 0.00077925926 | AP19: 0 | AQ19: 0 | AR19: 0 | AS19: 0 | AT19: 0 | AU19: 0 | AV19: 0 | AW19: 0
A20: SL_AT_S5 | B20: SL_AT_S5/6 | C20: 2021/09/10 | D20: 紙谷 | E20: ヘルムホルツコイル | H20: TOKIN | AH20: SL_AT_G1 | AJ20: 0.29026695 | AK20: 1 | AL20: 0 | AM20: 35 | AN20: 0 | AO20: 0.00077925926 | AP20: 0 | AQ20: 0 | AR20: 0 | AS20: 0 | AT20: 0 | AU20: 0 | AV20: 0 | AW20: 0
A21: SL_AT_S6 | B21: SL_AT_S5/6 | C21: 2021/09/10 | D21: 紙谷 | E21: ヘルムホルツコイル | H21: TOKIN | AH21: SL_AT_G1 | AJ21: 0.29026695 | AK21: 1 | AL21: 0 | AM21: 35 | AN21: 0 | AO21: 0.00077925926 | AP21: 0 | AQ21: 0 | AR21: 0 | AS21: 0 | AT21: 0 | AU21: 0 | AV21: 0 | AW21: 0
A22: SX_AT_S6 | B22: SX_AT_S6 | C22: 2021/09/10 | D22: 紙谷 | E22: 空芯ステアリングコイル | J22: 2015.05 | L22: 76 | M22: 125 | N22: 5 | P22: 5.9 | Q22: 96 | V22: 0.00433 | W22: air | AB22: ターン数は概算値 | AH22: SX_AT_G4 | AJ22: 0.09973 | AK22: 1 | AL22: -5 | AM22: 5 | AN22: 0 | AO22: 8.636618e-05 | AP22: 0 | AQ22: 0 | AR22: 0 | AS22: 0 | AT22: 0 | AU22: 0 | AV22: 0 | AW22: 0
A23: SY_AT_S6 | B23: SY_AT_S6 | C23: 2021/09/10 | D23: 紙谷 | E23: 空芯ステアリングコイル | J23: 2015.05 | L23: 76 | M23: 125 | N23: 5 | P23: 5.9 | Q23: 96 | V23: 0.00433 | W23: air | AB23: ターン数は概算値 | AH23: SX_AT_G4 | AJ23: 0.09973 | AK23: 1 | AL23: -5 | AM23: 5 | AN23: 0 | AO23: 8.636618e-05 | AP23: 0 | AQ23: 0 | AR23: 0 | AS23: 0 | AT23: 0 | AU23: 0 | AV23: 0 | AW23: 0
A24: SL_AT_S7 | B24: SL_AT_S7/8 | C24: 2021/09/10 | D24: 紙谷 | E24: ヘルムホルツコイル | H24: TOKIN | AH24: SL_AT_G1 | AJ24: 0.29026695 | AK24: 1 | AL24: 0 | AM24: 35 | AN24: 0 | AO24: 0.00077925926 | AP24: 0 | AQ24: 0 | AR24: 0 | AS24: 0 | AT24: 0 | AU24: 0 | AV24: 0 | AW24: 0
A25: SL_AT_S8 | B25: SL_AT_S7/8 | C25: 2021/09/10 | D25: 紙谷 | E25: ヘルムホルツコイル | H25: TOKIN | AH25: SL_AT_G1 | AJ25: 0.29026695 | AK25: 1 | AL25: 0 | AM25: 35 | AN25: 0 | AO25: 0.00077925926 | AP25: 0 | AQ25: 0 | AR25: 0 | AS25: 0 | AT25: 0 | AU25: 0 | AV25: 0 | AW25: 0
A26: SL_AT_S9 | B26: SL_AT_S9 | C26: 2021/09/10 | D26: 紙谷 | E26: ヘルムホルツコイル | H26: TOKIN | AH26: SL_AT_S9 | AJ26: 0.3300766 | AK26: 1 | AL26: 0 | AM26: 35 | AN26: 0 | AO26: 0.00086337037 | AP26: 0 | AQ26: 0 | AR26: 0 | AS26: 0 | AT26: 0 | AU26: 0 | AV26: 0 | AW26: 0
A27: SL_AT_SA | B27: SL_AT_SA | C27: 2021/09/10 | D27: 紙谷 | E27: ヘルムホルツコイル | H27: TOKIN | AH27: SL_AT_S9 | AJ27: 0.3300766 | AK27: 1 | AL27: 0 | AM27: 35 | AN27: 0 | AO27: 0.00086337037 | AP27: 0 | AQ27: 0 | AR27: 0 | AS27: 0 | AT27: 0 | AU27: 0 | AV27: 0 | AW27: 0
A28: SL_AT_P | B28: SL_AT_P | C28: 2021/09/10 | D28: 紙谷 | E28: ヘルムホルツコイル | H28: TOKIN | AH28: SL_AT_S9 | AJ28: 0.3300766 | AK28: 1 | AL28: 0 | AM28: 35 | AN28: 0 | AO28: 0.00086337037 | AP28: 0 | AQ28: 0 | AR28: 0 | AS28: 0 | AT28: 0 | AU28: 0 | AV28: 0 | AW28: 0
A29: SL_AT_B1 | B29: SL_AT_B1 | C29: 2021/09/10 | D29: 紙谷 | E29: ヘルムホルツコイル | H29: TOKIN | AH29: SL_AT_G1 | AJ29: 0.29026695 | AK29: 1 | AL29: 0 | AM29: 35 | AN29: 0 | AO29: 0.00077925926 | AP29: 0 | AQ29: 0 | AR29: 0 | AS29: 0 | AT29: 0 | AU29: 0 | AV29: 0 | AW29: 0
A30: SL_AT_B2 | B30: SL_AT_B2/3 | C30: 2021/09/10 | D30: 紙谷 | E30: ヘルムホルツコイル | H30: TOKIN | AH30: SL_AT_G1 | AJ30: 0.29026695 | AK30: 1 | AL30: 0 | AM30: 35 | AN30: 0 | AO30: 0.00077925926 | AP30: 0 | AQ30: 0 | AR30: 0 | AS30: 0 | AT30: 0 | AU30: 0 | AV30: 0 | AW30: 0
A31: SL_AT_B3 | B31: SL_AT_B2/3 | C31: 2021/09/10 | D31: 紙谷 | E31: ヘルムホルツコイル | H31: TOKIN | AH31: SL_AT_G1 | AJ31: 0.29026695 | AK31: 1 | AL31: 0 | AM31: 35 | AN31: 0 | AO31: 0.00077925926 | AP31: 0 | AQ31: 0 | AR31: 0 | AS31: 0 | AT31: 0 | AU31: 0 | AV31: 0 | AW31: 0
A32: SL_AT_B4 | B32: SL_AT_B4/5 | C32: 2021/09/10 | D32: 紙谷 | E32: ヘルムホルツコイル | H32: TOKIN | AH32: SL_AT_G1 | AJ32: 0.29026695 | AK32: 1 | AL32: 0 | AM32: 35 | AN32: 0 | AO32: 0.00077925926 | AP32: 0 | AQ32: 0 | AR32: 0 | AS32: 0 | AT32: 0 | AU32: 0 | AV32: 0 | AW32: 0
A33: SL_AT_B5 | B33: SL_AT_B4/5 | C33: 2021/09/10 | D33: 紙谷 | E33: ヘルムホルツコイル | H33: TOKIN | AH33: SL_AT_G1 | AJ33: 0.29026695 | AK33: 1 | AL33: 0 | AM33: 35 | AN33: 0 | AO33: 0.00077925926 | AP33: 0 | AQ33: 0 | AR33: 0 | AS33: 0 | AT33: 0 | AU33: 0 | AV33: 0 | AW33: 0
A34: SX_AT_B4 | B34: SX_AT_B4 | C34: 2021/09/10 | D34: 横山/紙谷 | E34: ステアリング電磁石 | F34: main-linac | H34: Tokin | L34: 120 | M34: 800 | N34: 5 | P34: 7.415 | Q34: 90 | R34: 2.1 | T34: ? | U34: 1.483 | V34: 0.00215 | W34: air | AH34: SX_AT_B4 | AJ34: 0.74619 | AK34: 1 | AL34: -5 | AM34: 5 | AN34: 0 | AO34: 0.00032086 | AP34: 0 | AQ34: 0 | AR34: 0 | AS34: 0 | AT34: 0 | AU34: 0 | AV34: 0 | AW34: 0
A35: SY_AT_B4 | B35: SY_AT_B4 | C35: 2021/09/10 | D35: 横山/紙谷 | E35: ステアリング電磁石 | F35: main-linac | H35: Tokin | L35: 120 | M35: 800 | N35: 5 | P35: 7.415 | Q35: 90 | R35: 2.1 | T35: ? | U35: 1.483 | V35: 0.00215 | W35: air | AH35: SX_AT_B4 | AJ35: 0.74619 | AK35: 1 | AL35: -5 | AM35: 5 | AN35: 0 | AO35: 0.00032086 | AP35: 0 | AQ35: 0 | AR35: 0 | AS35: 0 | AT35: 0 | AU35: 0 | AV35: 0 | AW35: 0
A36: SL_AT_B6 | B36: SL_AT_B6/7 | C36: 2021/09/10 | D36: 紙谷 | E36: ヘルムホルツコイル | H36: TOKIN | AH36: SL_AT_G1 | AJ36: 0.29026695 | AK36: 1 | AL36: 0 | AM36: 35 | AN36: 0 | AO36: 0.00077925926 | AP36: 0 | AQ36: 0 | AR36: 0 | AS36: 0 | AT36: 0 | AU36: 0 | AV36: 0 | AW36: 0
A37: SL_AT_B7 | B37: SL_AT_B6/7 | C37: 2021/09/10 | D37: 紙谷 | E37: ヘルムホルツコイル | H37: TOKIN | AH37: SL_AT_G1 | AJ37: 0.29026695 | AK37: 1 | AL37: 0 | AM37: 35 | AN37: 0 | AO37: 0.00077925926 | AP37: 0 | AQ37: 0 | AR37: 0 | AS37: 0 | AT37: 0 | AU37: 0 | AV37: 0 | AW37: 0
A38: SL_AT_B8 | B38: SL_AT_B8 | C38: 2021/09/10 | D38: 紙谷 | E38: ヘルムホルツコイル | H38: TOKIN | AH38: SL_AT_G1 | AJ38: 0.29026695 | AK38: 1 | AL38: 0 | AM38: 35 | AN38: 0 | AO38: 0.00077925926 | AP38: 0 | AQ38: 0 | AR38: 0 | AS38: 0 | AT38: 0 | AU38: 0 | AV38: 0 | AW38: 0
A39: QD_AT_01 | B39: QD_AT_01 | C39: 2021/09/10 | D39: 横山/紙谷 | E39: 四極電磁石 | F39: main-linac | H39: Toyama | L39: 44 | M39: 50 | N39: 5 | P39: 4.75 | Q39: 296 | R39: 2 | T39: ? | U39: 0.95 | V39: 7.6852184 | W39: air | AH39: QD_AT_01 | AJ39: 0.0725 | AK39: 1 | AL39: 0 | AM39: 5 | AN39: 0.0052238785 | AO39: 0.1147566 | AP39: -1.6062238e-05 | AQ39: -1.1173023e-05 | AR39: -3.1943789e-05 | AS39: -4.5542558e-06 | AT39: 2.4099708e-06 | AU39: -2.6379341e-07 | AV39: 0 | AW39: 0
A40: QF_AT_02 | B40: QF_AT_02 | C40: 2021/09/10 | D40: 横山/紙谷 | E40: 四極電磁石 | F40: main-linac | H40: Toyama | L40: 44 | M40: 100 | N40: 5 | P40: 6 | Q40: 296 | R40: 2 | T40: ? | U40: 1.2 | V40: 7.6852184 | W40: air | AH40: QF_AT_02 | AJ40: 0.122 | AK40: 1 | AL40: 0 | AM40: 5 | AN40: 0.0023310868 | AO40: 0.16915601 | AP40: 0.046081187 | AQ40: -0.03915518 | AR40: 0.01749921 | AS40: -0.0042939396 | AT40: 0.00054370346 | AU40: -2.784529e-05 | AV40: 0 | AW40: 0
A41: QD_AT_03 | B41: QD_AT_03 | C41: 2021/09/10 | D41: 横山/紙谷 | E41: 四極電磁石 | F41: main-linac | H41: Toyama | L41: 44 | M41: 50 | N41: 5 | P41: 4.75 | Q41: 296 | R41: 2 | T41: ? | U41: 0.95 | V41: 7.6852184 | W41: air | AH41: QD_AT_03 | AJ41: 0.0725 | AK41: 1 | AL41: 0 | AM41: 5 | AN41: 0.0052027533 | AO41: 0.11521683 | AP41: -0.0018264668 | AQ41: 0.0017460647 | AR41: -0.00091551427 | AS41: 0.00023483724 | AT41: -3.0496762e-05 | AU41: 1.5331429e-06 | AV41: 0 | AW41: 0
A42: BX_AT_0 | B42: BX_AT_0 | C42: 2021/09/10 | D42: 横山/紙谷 | E42: ステアリング電磁石 | F42: main-linac | H42: Tokin+Tekuno | L42: 82 | M42: 50 | N42: 5 | P42: 1.46 | Q42: 183 | R42: 2.4 | T42: ? | U42: 0.292 | V42: 0.008407 | W42: air | AH42: BX_AT_0 | AJ42: 0.163898 | AK42: 1 | AL42: -5 | AM42: 5 | AN42: 0 | AO42: 0.00027558 | AP42: 0 | AQ42: 0 | AR42: 0 | AS42: 0 | AT42: 0 | AU42: 0 | AV42: 0 | AW42: 0
A43: BY_AT_0 | B43: BY_AT_0 | C43: 2021/09/10 | D43: 横山/紙谷 | E43: ステアリング電磁石 | F43: main-linac | H43: Tokin+Tekuno | L43: 82 | M43: 50 | N43: 5 | P43: 1.46 | Q43: 183 | R43: 2.4 | T43: ? | U43: 0.292 | V43: 0.008407 | W43: air | AH43: BX_AT_0 | AJ43: 0.163898 | AK43: 1 | AL43: -5 | AM43: 5 | AN43: 0 | AO43: 0.00027558 | AP43: 0 | AQ43: 0 | AR43: 0 | AS43: 0 | AT43: 0 | AU43: 0 | AV43: 0 | AW43: 0
A44: SX_AT_1 | B44: SX_AT_1 | C44: 2021/09/10 | D44: 横山/紙谷 | E44: ステアリング電磁石 | F44: main-linac | H44: Techno | L44: 120 | M44: 1000 | N44: 5 | P44: 6.37 | Q44: 90 | R44: 1*5 | T44: 12.9 | U44: 1.274 | V44: 0.00206 | W44: air | AH44: SX_AT_1 | AJ44: 0.9501 | AK44: 1 | AL44: -5 | AM44: 5 | AN44: 0 | AO44: 0.00039144 | AP44: 0 | AQ44: 0 | AR44: 0 | AS44: 0 | AT44: 0 | AU44: 0 | AV44: 0 | AW44: 0
A45: SY_AT_1 | B45: SY_AT_1 | C45: 2021/09/10 | D45: 横山/紙谷 | E45: ステアリング電磁石 | F45: main-linac | H45: Techno | L45: 120 | M45: 1000 | N45: 5 | P45: 6.37 | Q45: 90 | R45: 1*5 | T45: 12.9 | U45: 1.274 | V45: 0.00206 | W45: air | AH45: SX_AT_1 | AJ45: 0.9501 | AK45: 1 | AL45: -5 | AM45: 5 | AN45: 0 | AO45: 0.00039144 | AP45: 0 | AQ45: 0 | AR45: 0 | AS45: 0 | AT45: 0 | AU45: 0 | AV45: 0 | AW45: 0
A46: QD_AT_11 | B46: QD_AT_11 | C46: 2021/09/10 | D46: 横山/紙谷 | E46: 四極電磁石 | F46: main-linac | H46: Toyama | L46: 44 | M46: 50 | N46: 5 | P46: ? | Q46: 206 | R46: 2.6 | T46: ? | U46: ? | V46: 5.076 | W46: air | AH46: QD_AT_11 | AJ46: 0.0725 | AK46: 1 | AL46: 0 | AM46: 5 | AN46: 0.0035563157 | AO46: 0.077966572 | AP46: 0.0011374425 | AQ46: -0.00086807773 | AR46: 0.00039607505 | AS46: -0.00012068346 | AT46: 1.8792834e-05 | AU46: -1.1631234e-06 | AV46: 0 | AW46: 0
A47: QF_AT_12 | B47: QF_AT_12 | C47: 2021/09/10 | D47: 横山/紙谷 | E47: 四極電磁石 | F47: main-linac | H47: Toyama | L47: 44 | M47: 100 | N47: 5 | P47: ? | Q47: 206 | R47: 2.6 | T47: ? | U47: ? | V47: 5.208 | W47: air | AH47: QF_AT_12 | AJ47: 0.122 | AK47: 1 | AL47: 0 | AM47: 5 | AN47: 0.0015786654 | AO47: 0.11577031 | AP47: 0.034469675 | AQ47: -0.029886665 | AR47: 0.01370864 | AS47: -0.0034483971 | AT47: 0.00044666031 | AU47: -2.3318291e-05 | AV47: 0 | AW47: 0
A48: QD_AT_13 | B48: QD_AT_13 | C48: 2021/09/10 | D48: 横山/紙谷 | E48: 四極電磁石 | F48: main-linac | H48: Toyama | L48: 44 | M48: 50 | N48: 5 | P48: ? | Q48: 206 | R48: 2.6 | T48: ? | U48: ? | V48: 5.076 | W48: air | AH48: QD_AT_13 | AJ48: 0.0725 | AK48: 1 | AL48: 0 | AM48: 5 | AN48: 0.0036248885 | AO48: 0.079684641 | AP48: -0.0010629263 | AQ48: 0.00079515636 | AR48: -0.0004262232 | AS48: 0.00011411011 | AT48: -1.5770606e-05 | AU48: 8.5994331e-07 | AV48: 0 | AW48: 0
A49: SX_AT_21 | B49: SX_AT_21 | C49: 2021/09/10 | D49: 横山/紙谷 | E49: ステアリング電磁石 | F49: main-linac | H49: Techno | L49: 120 | M49: 1000 | N49: 5 | P49: 6.37 | Q49: 90 | R49: 1*5 | T49: 12.9 | U49: 1.274 | V49: 0.00206 | W49: air | AH49: SX_AT_1 | AJ49: 0.9501 | AK49: 1 | AL49: -5 | AM49: 5 | AN49: 0 | AO49: 0.00039144 | AP49: 0 | AQ49: 0 | AR49: 0 | AS49: 0 | AT49: 0 | AU49: 0 | AV49: 0 | AW49: 0
A50: SY_AT_21 | B50: SY_AT_21 | C50: 2021/09/10 | D50: 横山/紙谷 | E50: ステアリング電磁石 | F50: main-linac | H50: Techno | L50: 120 | M50: 1000 | N50: 5 | P50: 6.37 | Q50: 90 | R50: 1*5 | T50: 12.9 | U50: 1.274 | V50: 0.00206 | W50: air | AH50: SX_AT_1 | AJ50: 0.9501 | AK50: 1 | AL50: -5 | AM50: 5 | AN50: 0 | AO50: 0.00039144 | AP50: 0 | AQ50: 0 | AR50: 0 | AS50: 0 | AT50: 0 | AU50: 0 | AV50: 0 | AW50: 0
A51: QD_AT_21 | B51: QD_AT_21 | C51: 2021/09/10 | D51: 横山/紙谷 | E51: 四極電磁石 | F51: main-linac | H51: Tokin | L51: 44 | M51: 50 | N51: 10 | P51: 8.45 | Q51: 235 | R51: 2.9 | T51: 26.4*2 | U51: 0.77 | V51: 10.6 | W51: air | AH51: QD_AT_21 | AJ51: 0.0664 | AK51: 1 | AL51: 0 | AM51: 10 | AN51: 0.0068370141 | AO51: 0.09261377 | AP51: -0.00017019178 | AQ51: 0.0001378767 | AR51: -4.9920931e-05 | AS51: 5.2397225e-06 | AT51: -1.4520371e-07 | AU51: -5.4860002e-09 | AV51: 0 | AW51: 0
A52: QF_AT_22 | B52: QF_AT_22 | C52: 2021/09/10 | D52: 横山/紙谷 | E52: 四極電磁石 | F52: main-linac | H52: Tokin | L52: 44 | M52: 100 | N52: 10 | P52: 11.13 | Q52: 235 | R52: 2.9 | T52: 37.7 | U52: 1.01 | V52: 10.6 | W52: air | AH52: QF_AT_22 | AJ52: 0.1146 | AK52: 1 | AL52: 0 | AM52: 10 | AN52: 0.0045384988 | AO52: 0.13022425 | AP52: 0.023872133 | AQ52: -0.010354544 | AR52: 0.0023718853 | AS52: -0.00029922655 | AT52: 1.9514318e-05 | AU52: -5.1577085e-07 | AV52: 0 | AW52: 0
A53: QD_AT_23 | B53: QD_AT_23 | C53: 2021/09/10 | D53: 横山/紙谷 | E53: 四極電磁石 | F53: main-linac | H53: Tokin | L53: 44 | M53: 50 | N53: 10 | P53: 8.45 | Q53: 235 | R53: 2.9 | T53: 26.4*2 | U53: 0.77 | V53: 10.6 | W53: air | AH53: QD_AT_23 | AJ53: 0.0664 | AK53: 1 | AL53: 0 | AM53: 10 | AN53: 0.0065687532 | AO53: 0.091944286 | AP53: -0.00038125377 | AQ53: 0.00026202115 | AR53: -8.3856142e-05 | AS53: 9.9075526e-06 | AT53: -4.5582035e-07 | AU53: 2.441385e-09 | AV53: 0 | AW53: 0
A54: PX_AT_22 | B54: PX_AT_22 | C54: 2021/09/10 | D54: 横山/紙谷 | E54: ステアリング電磁石 | F54: main-linac | H54: Tecno | L54: 39 | M54: 50 | N54: 10 | P54: 1.13 | Q54: 36 | R54: 1*5 | T54: 1.95 | U54: 0.113 | V54: 0.02264 | W54: air | AH54: PX_A1_M | AJ54: 0.091811 | AK54: 1 | AL54: -10 | AM54: 10 | AN54: 0 | AO54: 0.00020786 | AP54: 0 | AQ54: 0 | AR54: 0 | AS54: 0 | AT54: 0 | AU54: 0 | AV54: 0 | AW54: 0
A55: PY_AT_22 | B55: PY_AT_22 | C55: 2021/09/10 | D55: 横山/紙谷 | E55: ステアリング電磁石 | F55: main-linac | H55: Tecno | L55: 39 | M55: 50 | N55: 10 | P55: 1.13 | Q55: 36 | R55: 1*5 | T55: 1.95 | U55: 0.113 | V55: 0.02264 | W55: air | AH55: PX_A1_M | AJ55: 0.091811 | AK55: 1 | AL55: -10 | AM55: 10 | AN55: 0 | AO55: 0.00020786 | AP55: 0 | AQ55: 0 | AR55: 0 | AS55: 0 | AT55: 0 | AU55: 0 | AV55: 0 | AW55: 0
A56: PB_AT_J1 | B56: PB_AT_J1 | C56: 2021/09/10 | D56: 横山/紙谷 | E56: 四極電磁石 | F56: main-linac | H56: takano | L56: 25 | M56: 162 | N56: 330 | P56: 2.9 | Q56: 16 | R56: 7*7-4d | T56: 0.911 | U56: 9.7 | V56: 0.53080349 | W56: direct | AH56: PB_AT_J1 | AJ56: 0.1963 | AK56: 1 | AL56: 0 | AM56: 330 | AN56: -6.7336789e-05 | AO56: 0.00029231033 | AP56: 4.485455e-07 | AQ56: -5.7087966e-09 | AR56: 3.5612746e-11 | AS56: -1.1158477e-13 | AT56: 1.5738156e-16 | AU56: -6.1818796e-20 | AV56: 0 | AW56: 0
A57: PB_AT_J5 | B57: PB_AT_J5 | C57: 2021/09/10 | D57: 横山/紙谷 | E57: 四極電磁石 | F57: main-linac | H57: takano | L57: 25 | M57: 162 | N57: 330 | P57: 2.9 | Q57: 16 | R57: 7*7-4d | T57: 0.907 | U57: 9.7 | V57: 0.53080349 | W57: direct | AH57: PB_AT_J5 | AJ57: 0.1964 | AK57: 1 | AL57: 0 | AM57: 330 | AN57: 0.00034888496 | AO57: 0.0002723086 | AP57: 9.5094916e-07 | AQ57: -1.495861e-08 | AR57: 1.3334382e-10 | AS57: -6.473344e-13 | AT57: 1.5867156e-15 | AU57: -1.5344536e-18 | AV57: 0 | AW57: 0
A58: QD_AT_J2 | B58: QD_AT_J2 | C58: 2021/09/10 | D58: 横山/紙谷 | E58: 四極電磁石 | F58: main-linac | H58: tecno | L58: 44 | M58: 160 | N58: 100 | P58: 2.63 | Q58: 16 | R58: 6*6-3.6d | T58: 2.9 | U58: 0.0268 | V58: 8.3083442 | W58: direct | AH58: QD_AT_J2 | AJ58: 0.1861415 | AK58: 1 | AL58: 0 | AM58: 100 | AN58: 0.012867951 | AO58: 0.016177094 | AP58: -2.0397125e-06 | AQ58: 7.8379816e-09 | AR58: 1.4512008e-09 | AS58: -4.7079694e-11 | AT58: 5.3116846e-13 | AU58: -2.1659489e-15 | AV58: 0 | AW58: 0
A59: QF_AT_J3 | B59: QF_AT_J3 | C59: 2021/09/10 | D59: 横山/紙谷 | E59: 四極電磁石 | F59: main-linac | H59: tecno | L59: 44 | M59: 160 | N59: 100 | P59: 2.63 | Q59: 16 | R59: 6*6-3.6d | T59: 2.9 | U59: 0.0268 | V59: 8.3083442 | W59: direct | AH59: QF_AT_J3 | AJ59: 0.1861415 | AK59: 1 | AL59: 0 | AM59: 100 | AN59: 0.012740993 | AO59: 0.016120247 | AP59: -5.4052708e-06 | AQ59: 3.53791e-07 | AR59: -9.4612643e-09 | AS59: 1.1895737e-10 | AT59: -6.9791692e-13 | AU59: 1.3790355e-15 | AV59: 0 | AW59: 0
A60: QD_AT_J4 | B60: QD_AT_J4 | C60: 2021/09/10 | D60: 横山/紙谷 | E60: 四極電磁石 | F60: main-linac | H60: tecno | L60: 44 | M60: 160 | N60: 100 | P60: 2.63 | Q60: 16 | R60: 6*6-3.6d | T60: 2.9 | U60: 0.0268 | V60: 8.3083442 | W60: direct | AH60: QD_AT_J4 | AJ60: 0.1861415 | AK60: 1 | AL60: 0 | AM60: 100 | AN60: 0.011728409 | AO60: 0.016218675 | AP60: -6.1326784e-06 | AQ60: 1.5602339e-07 | AR60: -3.4181105e-10 | AS60: -4.8935762e-11 | AT60: 7.0468058e-13 | AU60: -3.0164095e-15 | AV60: 0 | AW60: 0
A61: QD_A1_G1 | B61: QD_A1_G1 | C61: 2021/09/10 | D61: 横山/紙谷 | E61: 四極電磁石 | F61: main-linac | H61: Tokin | L61: 44 | M61: 50 | N61: 10 | P61: 4.8 | Q61: 168 | R61: 3.2 | T61: 15.2 | U61: 0.392 | V61: 8.224 | W61: air | AH61: QD_A1_G1 | AJ61: 0.0736 | AK61: 1 | AL61: 0 | AM61: 10 | AN61: 0.00014160207 | AO61: 0.065904854 | AP61: -0.00016354886 | AQ61: 0.00015026165 | AR61: -4.9062695e-05 | AS61: 5.8019205e-06 | AT61: -2.7803463e-07 | AU61: 2.1853359e-09 | AV61: 0 | AW61: 0
A62: QF_A1_G2 | B62: QF_A1_G2 | C62: 2021/09/10 | D62: 横山/紙谷 | E62: 四極電磁石 | F62: main-linac | H62: Tokin | L62: 44 | M62: 50 | N62: 10 | P62: 4.8 | Q62: 168 | R62: 3.2 | T62: 15.2 | U62: 0.392 | V62: 8.224 | W62: air | AH62: QF_A1_G2 | AJ62: 0.0736 | AK62: 1 | AL62: 0 | AM62: 10 | AN62: 0.00014363398 | AO62: 0.065471129 | AP62: 9.5252597e-05 | AQ62: 3.8367949e-05 | AR62: -1.8897531e-05 | AS62: 1.3470085e-06 | AT62: 5.4816827e-08 | AU62: -7.6588822e-09 | AV62: 0 | AW62: 0
A63: BX_A1_G | B63: BX_A1_G | C63: 2021/09/10 | D63: 横山/紙谷 | E63: ステアリング電磁石 | F63: main-linac | H63: Tokin+Tekuno | L63: 82 | M63: 50 | N63: 5 | P63: 1.46 | Q63: 183 | R63: 2.4 | T63: ? | U63: 0.292 | V63: 0.008407 | W63: air | AH63: BX_AT_0 | AJ63: 0.163898 | AK63: 1 | AL63: -5 | AM63: 5 | AN63: 0 | AO63: 0.00027558 | AP63: 0 | AQ63: 0 | AR63: 0 | AS63: 0 | AT63: 0 | AU63: 0 | AV63: 0 | AW63: 0
A64: BY_A1_G | B64: BY_A1_G | C64: 2021/09/10 | D64: 横山/紙谷 | E64: ステアリング電磁石 | F64: main-linac | H64: Tokin+Tekuno | L64: 82 | M64: 50 | N64: 5 | P64: 1.46 | Q64: 183 | R64: 2.4 | T64: ? | U64: 0.292 | V64: 0.008407 | W64: air | AH64: BX_AT_0 | AJ64: 0.163898 | AK64: 1 | AL64: -5 | AM64: 5 | AN64: 0 | AO64: 0.00027558 | AP64: 0 | AQ64: 0 | AR64: 0 | AS64: 0 | AT64: 0 | AU64: 0 | AV64: 0 | AW64: 0
A65: QD_A1_01 | B65: QD_A1_01 | C65: 2021/09/10 | D65: 横山/紙谷 | E65: 四極電磁石 | F65: main-linac | H65: Tokin | L65: 44 | M65: 50 | N65: 10 | P65: 4.8 | Q65: 168 | R65: 3.2 | T65: 15.2 | U65: 0.392 | V65: 8.224 | W65: air | AH65: QD_A1_01 | AJ65: 0.0736 | AK65: 1 | AL65: 0 | AM65: 10 | AN65: 0.00095717116 | AO65: 0.066040781 | AP65: -0.00025111583 | AQ65: 0.00011369183 | AR65: -2.6794115e-05 | AS65: 1.5303683e-06 | AT65: 8.3365668e-08 | AU65: -9.3036524e-09 | AV65: 0 | AW65: 0
A66: QF_A1_02 | B66: QF_A1_02 | C66: 2021/09/10 | D66: 横山/紙谷 | E66: 四極電磁石 | F66: main-linac | H66: Tokin | L66: 44 | M66: 50 | N66: 10 | P66: 4.8 | Q66: 168 | R66: 3.2 | T66: 15.2 | U66: 0.392 | V66: 8.224 | W66: air | AH66: QF_A1_02 | AJ66: 0.0736 | AK66: 1 | AL66: 0 | AM66: 10 | AN66: 7.097101e-05 | AO66: 0.065747867 | AP66: 0.00016786935 | AQ66: -4.9948569e-05 | AR66: 5.3100074e-06 | AS66: -1.7705693e-06 | AT66: 2.508036e-07 | AU66: -1.250475e-08 | AV66: 0 | AW66: 0
A67: SX_A1_1 | B67: SX_A1_1 | C67: 2021/09/10 | D67: 横山/紙谷 | E67: ステアリング電磁石 | F67: main-linac | H67: Techno | L67: 120 | M67: 1000 | N67: 5 | P67: 6.37 | Q67: 90 | R67: 1*5 | T67: 12.9 | U67: 1.274 | V67: 0.00206 | W67: air | AH67: SX_AT_1 | AJ67: 0.9501 | AK67: 1 | AL67: -5 | AM67: 5 | AN67: 0 | AO67: 0.00039144 | AP67: 0 | AQ67: 0 | AR67: 0 | AS67: 0 | AT67: 0 | AU67: 0 | AV67: 0 | AW67: 0
A68: SY_A1_1 | B68: SY_A1_1 | C68: 2021/09/10 | D68: 横山/紙谷 | E68: ステアリング電磁石 | F68: main-linac | H68: Techno | L68: 120 | M68: 1000 | N68: 5 | P68: 6.37 | Q68: 90 | R68: 1*5 | T68: 12.9 | U68: 1.274 | V68: 0.00206 | W68: air | AH68: SX_AT_1 | AJ68: 0.9501 | AK68: 1 | AL68: -5 | AM68: 5 | AN68: 0 | AO68: 0.00039144 | AP68: 0 | AQ68: 0 | AR68: 0 | AS68: 0 | AT68: 0 | AU68: 0 | AV68: 0 | AW68: 0
A69: QD_A1_11 | B69: QD_A1_11 | C69: 2021/09/10 | D69: 横山/紙谷 | E69: 四極電磁石 | F69: main-linac | H69: Tokin | L69: 44 | M69: 50 | N69: 10 | P69: 8.45 | Q69: 235 | R69: 2.9 | T69: 26.4*2 | U69: 0.77 | V69: 10.6 | W69: air | AH69: QD_A1_11 | AJ69: 0.0664 | AK69: 1 | AL69: 0 | AM69: 10 | AN69: 0.0069665705 | AO69: 0.091798159 | AP69: 0.00028083666 | AQ69: -3.596835e-05 | AR69: -1.5616589e-06 | AS69: -2.2378259e-06 | AT69: 4.2830007e-07 | AU69: -2.2570839e-08 | AV69: 0 | AW69: 0
A70: QF_A1_12 | B70: QF_A1_12 | C70: 2021/09/10 | D70: 横山/紙谷 | E70: 四極電磁石 | F70: main-linac | H70: Tokin | L70: 44 | M70: 100 | N70: 10 | P70: 11.13 | Q70: 235 | R70: 2.9 | T70: 37.7 | U70: 1.01 | V70: 10.6 | W70: air | AH70: QF_A1_12 | AJ70: 0.1146 | AK70: 1 | AL70: 0 | AM70: 10 | AN70: 0.0047596164 | AO70: 0.12837476 | AP70: 0.025316347 | AQ70: -0.01083348 | AR70: 0.0024594971 | AS70: -0.00030717124 | AT70: 1.979685e-05 | AU70: -5.1625229e-07 | AV70: 0 | AW70: 0
A71: QD_A1_13 | B71: QD_A1_13 | C71: 2021/09/10 | D71: 横山/紙谷 | E71: 四極電磁石 | F71: main-linac | H71: Tokin | L71: 44 | M71: 50 | N71: 10 | P71: 8.45 | Q71: 235 | R71: 2.9 | T71: 26.4*2 | U71: 0.77 | V71: 10.6 | W71: air | AH71: QD_A1_13 | AJ71: 0.0664 | AK71: 1 | AL71: 0 | AM71: 10 | AN71: 0.0065075848 | AO71: 0.092029922 | AP71: 0.00026519258 | AQ71: -4.8548695e-05 | AR71: 5.293403e-06 | AS71: -3.5187772e-06 | AT71: 5.3436454e-07 | AU71: -2.5808622e-08 | AV71: 0 | AW71: 0
A72: BM_A1_C1 | B72: BM_A1_C1 | C72: 2021/09/10 | D72: 横山/紙谷 | E72: 四極電磁石 | F72: main-linac | H72: Tecno@coil | L72: 40 | M72: 100 | N72: 30 | P72: 18.06 | Q72: 243 | R72: 2*5PEW | T72: ? | U72: 602 | V72: 0.45804421 | W72: indirect | AH72: BM_A1_C1 | AJ72: 0.147248 | AK72: 1 | AL72: 0 | AM72: 30 | AN72: -2.9157902e-05 | AO72: 0.0025365088 | AP72: -8.8301533e-05 | AQ72: 8.2180434e-06 | AR72: -2.9082363e-07 | AS72: 3.2319169e-09 | AT72: 0 | AU72: 0 | AV72: 0 | AW72: 0
A73: BM_A1_C2 | B73: BM_A1_C2 | C73: 2021/09/10 | D73: 横山/紙谷 | E73: 四極電磁石 | F73: main-linac | H73: Tecno@coil | L73: 40 | M73: 100 | N73: 30 | P73: 18.06 | Q73: 243 | R73: 2*5PEW | T73: ? | U73: 602 | V73: 0.45804421 | W73: indirect | AH73: BM_A1_C2 | AJ73: 0.147248 | AK73: 1 | AL73: 0 | AM73: 30 | AN73: -2.9157902e-05 | AO73: 0.0025365088 | AP73: -8.8301533e-05 | AQ73: 8.2180434e-06 | AR73: -2.9082363e-07 | AS73: 3.2319169e-09 | AT73: 0 | AU73: 0 | AV73: 0 | AW73: 0
A74: BM_A1_C3 | B74: BM_A1_C3 | C74: 2021/09/10 | D74: 横山/紙谷 | E74: 四極電磁石 | F74: main-linac | H74: Tecno@coil | L74: 40 | M74: 100 | N74: 30 | P74: 18.15 | Q74: 243 | R74: 2*5PEW | T74: ? | U74: 605 | V74: 0.45804421 | W74: indirect | AH74: BM_A1_C3 | AJ74: 0.147248 | AK74: 1 | AL74: 0 | AM74: 30 | AN74: -2.9157902e-05 | AO74: 0.0025365088 | AP74: -8.8301533e-05 | AQ74: 8.2180434e-06 | AR74: -2.9082363e-07 | AS74: 3.2319169e-09 | AT74: 0 | AU74: 0 | AV74: 0 | AW74: 0
A75: BM_A1_C4 | B75: BM_A1_C4 | C75: 2021/09/10 | D75: 横山/紙谷 | E75: 四極電磁石 | F75: main-linac | H75: Tecno@coil | L75: 40 | M75: 100 | N75: 30 | P75: 18.09 | Q75: 243 | R75: 2*5PEW | T75: ? | U75: 603 | V75: 0.45804421 | W75: indirect | AH75: BM_A1_C4 | AJ75: 0.147248 | AK75: 1 | AL75: 0 | AM75: 30 | AN75: -2.9157902e-05 | AO75: 0.0025365088 | AP75: -8.8301533e-05 | AQ75: 8.2180434e-06 | AR75: -2.9082363e-07 | AS75: 3.2319169e-09 | AT75: 0 | AU75: 0 | AV75: 0 | AW75: 0
A76: BY_A1_C4 | B76: BY_A1_C4 | C76: 2021/09/10 | D76: 横山/紙谷 | E76: ステアリング電磁石 | F76: main-linac | H76: Takano | L76: 30 | M76: 100 | N76: 5 | P76: 1 | Q76: 23 | R76: 2 | T76: ? | U76: 0.2 | V76: 0.00439 | W76: air | AH76: BY_A1_C4 | AJ76: 0.125513 | AK76: 1 | AL76: -5 | AM76: 5 | AN76: 0 | AO76: 0.0001102 | AP76: 0 | AQ76: 0 | AR76: 0 | AS76: 0 | AT76: 0 | AU76: 0 | AV76: 0 | AW76: 0
A77: BM_AS_1 | B77: BM_AS_1 | C77: 2021/09/10 | D77: 夏井/紙谷 | E77: 偏向電磁石 | F77: AS-line | H77: 日本電磁工業 | L77: 30 | M77: 392.6 | N77: 15 | Q77: 120 | R77: 2.0 x 4.0 | S77: 8 | V77: 0.15 | W77: air | AH77: BM_AS_1 | AJ77: 0.4229 | AK77: 1 | AL77: 0 | AM77: 15 | AN77: 0.00087839333 | AO77: 0.0042009068 | AP77: -7.6502568e-06 | AQ77: 0 | AR77: 0 | AS77: 0 | AT77: 0 | AU77: 0 | AV77: 0 | AW77: 0
A78: BM_A1_0 | B78: BM_A1_0 | C78: 2021/09/10 | D78: 夏井/紙谷 | E78: 偏向電磁石 | F78: AS-line | H78: 日本電磁工業 | L78: 30 | M78: 392.6 | N78: 15 | Q78: 120 | R78: 2.0 x 4.0 | S78: 8 | V78: 0.15 | W78: air | AH78: BM_AS_1 | AJ78: 0.4229 | AK78: 1 | AL78: 0 | AM78: 15 | AN78: 0.00087839333 | AO78: 0.0042009068 | AP78: -7.6502568e-06 | AQ78: 0 | AR78: 0 | AS78: 0 | AT78: 0 | AU78: 0 | AV78: 0 | AW78: 0
A79: SX_AS_1 | B79: SX_AS_1 | C79: 2021/09/10 | D79: 夏井/紙谷 | E79: ステアリングコイル | F79: AS-line | H79: 日本電磁工業 | L79: 80 | M79: 70 | N79: 5 | Q79: 75 | R79: φ2.1 | S79: 3.4636059 | V79: 0.002634 | W79: air | AH79: SX_AS_1 | AJ79: 0.080397 | AK79: 1 | AL79: -5 | AM79: 5 | AN79: 0 | AO79: 4.235314e-05 | AP79: 0 | AQ79: 0 | AR79: 0 | AS79: 0 | AT79: 0 | AU79: 0 | AV79: 0 | AW79: 0
A80: SY_AS_1 | B80: SY_AS_1 | C80: 2021/09/10 | D80: 夏井/紙谷 | E80: ステアリングコイル | F80: AS-line | H80: 日本電磁工業 | L80: 80 | M80: 70 | N80: 5 | Q80: 75 | R80: φ2.1 | S80: 3.4636059 | V80: 0.002634 | W80: air | AH80: SX_AS_1 | AJ80: 0.080397 | AK80: 1 | AL80: -5 | AM80: 5 | AN80: 0 | AO80: 4.235314e-05 | AP80: 0 | AQ80: 0 | AR80: 0 | AS80: 0 | AT80: 0 | AU80: 0 | AV80: 0 | AW80: 0
A81: SX_AS_2 | B81: SX_AS_2 | C81: 2021/09/10 | D81: 夏井/紙谷 | E81: ステアリングコイル | F81: AS-line | H81: 日本電磁工業 | L81: 80 | M81: 70 | N81: 5 | Q81: 75 | R81: φ2.1 | S81: 3.4636059 | V81: 0.002634 | W81: air | AH81: SX_AS_1 | AJ81: 0.080397 | AK81: 1 | AL81: -5 | AM81: 5 | AN81: 0 | AO81: 4.235314e-05 | AP81: 0 | AQ81: 0 | AR81: 0 | AS81: 0 | AT81: 0 | AU81: 0 | AV81: 0 | AW81: 0
A82: SY_AS_2 | B82: SY_AS_2 | C82: 2021/09/10 | D82: 夏井/紙谷 | E82: ステアリングコイル | F82: AS-line | H82: 日本電磁工業 | L82: 80 | M82: 70 | N82: 5 | Q82: 75 | R82: φ2.1 | S82: 3.4636059 | V82: 0.002634 | W82: air | AH82: SX_AS_1 | AJ82: 0.080397 | AK82: 1 | AL82: -5 | AM82: 5 | AN82: 0 | AO82: 4.235314e-05 | AP82: 0 | AQ82: 0 | AR82: 0 | AS82: 0 | AT82: 0 | AU82: 0 | AV82: 0 | AW82: 0
A83: QD_AS_1 | B83: QD_AS_1 | C83: 2021/09/10 | D83: 夏井/紙谷 | E83: 四極電磁石 | F83: AS-line | H83: 日本電磁工業 | L83: 44 | M83: 50 | N83: 5 | O83: 240 | Q83: 200 | R83: φ2.0 | S83: 3.1415927 | AH83: QD_AS_1 | AJ83: 0.074785 | AK83: 1 | AL83: 0 | AM83: 5 | AN83: 0.0029578365 | AO83: 0.072178107 | AP83: 4.7776928e-05 | AQ83: 0 | AR83: 0 | AS83: 0 | AT83: 0 | AU83: 0 | AV83: 0 | AW83: 0
A84: QF_AS_1 | B84: QF_AS_1 | C84: 2021/09/10 | D84: 夏井/紙谷 | E84: 四極電磁石 | F84: AS-line | H84: 日本電磁工業 | L84: 44 | M84: 50 | N84: 5 | O84: 240 | Q84: 200 | R84: φ2.0 | S84: 3.1415927 | AH84: QD_AS_1 | AJ84: 0.074785 | AK84: 1 | AL84: 0 | AM84: 5 | AN84: 0.0029578365 | AO84: 0.072178107 | AP84: 4.7776928e-05 | AQ84: 0 | AR84: 0 | AS84: 0 | AT84: 0 | AU84: 0 | AV84: 0 | AW84: 0
A85: QD_AS_2 | B85: QD_AS_2 | C85: 2021/09/10 | D85: 夏井/紙谷 | E85: 四極電磁石 | F85: AS-line | H85: 日本電磁工業 | L85: 44 | M85: 50 | N85: 5 | O85: 240 | Q85: 200 | R85: φ2.0 | S85: 3.1415927 | AH85: QD_AS_1 | AJ85: 0.074785 | AK85: 1 | AL85: 0 | AM85: 5 | AN85: 0.0029578365 | AO85: 0.072178107 | AP85: 4.7776928e-05 | AQ85: 0 | AR85: 0 | AS85: 0 | AT85: 0 | AU85: 0 | AV85: 0 | AW85: 0
A86: QF_AS_2 | B86: QF_AS_2 | C86: 2021/09/10 | D86: 夏井/紙谷 | E86: 四極電磁石 | F86: AS-line | H86: 日本電磁工業 | L86: 44 | M86: 50 | N86: 5 | O86: 240 | Q86: 200 | R86: φ2.0 | S86: 3.1415927 | AH86: QD_AS_1 | AJ86: 0.074785 | AK86: 1 | AL86: 0 | AM86: 5 | AN86: 0.0029578365 | AO86: 0.072178107 | AP86: 4.7776928e-05 | AQ86: 0 | AR86: 0 | AS86: 0 | AT86: 0 | AU86: 0 | AV86: 0 | AW86: 0
A87: QD_AS_3 | B87: QD_AS_3 | C87: 2021/09/10 | D87: 夏井/紙谷 | E87: 四極電磁石 | F87: AS-line | H87: 日本電磁工業 | L87: 44 | M87: 50 | N87: 5 | O87: 240 | Q87: 200 | R87: φ2.0 | S87: 3.1415927 | AH87: QD_AS_1 | AJ87: 0.074785 | AK87: 1 | AL87: 0 | AM87: 5 | AN87: 0.0029578365 | AO87: 0.072178107 | AP87: 4.7776928e-05 | AQ87: 0 | AR87: 0 | AS87: 0 | AT87: 0 | AU87: 0 | AV87: 0 | AW87: 0
A88: QF_AS_3 | B88: QF_AS_3 | C88: 2021/09/10 | D88: 夏井/紙谷 | E88: 四極電磁石 | F88: AS-line | H88: 日本電磁工業 | L88: 44 | M88: 50 | N88: 5 | O88: 240 | Q88: 200 | R88: φ2.0 | S88: 3.1415927 | AH88: QD_AS_1 | AJ88: 0.074785 | AK88: 1 | AL88: 0 | AM88: 5 | AN88: 0.0029578365 | AO88: 0.072178107 | AP88: 4.7776928e-05 | AQ88: 0 | AR88: 0 | AS88: 0 | AT88: 0 | AU88: 0 | AV88: 0 | AW88: 0
A89: PX_A1_M | B89: PX_A1_M | C89: 2021/09/10 | D89: 横山/紙谷 | E89: ステアリング電磁石 | F89: main-linac | H89: Tecno | L89: 39 | M89: 50 | N89: 10 | P89: 1.13 | Q89: 36 | R89: 1*5 | T89: 1.95 | U89: 0.113 | V89: 0.02264 | W89: air | AH89: PX_A1_M | AJ89: 0.091811 | AK89: 1 | AL89: -10 | AM89: 10 | AN89: 0 | AO89: 0.00020786 | AP89: 0 | AQ89: 0 | AR89: 0 | AS89: 0 | AT89: 0 | AU89: 0 | AV89: 0 | AW89: 0
A90: PY_A1_M | B90: PY_A1_M | C90: 2021/09/10 | D90: 横山/紙谷 | E90: ステアリング電磁石 | F90: main-linac | H90: Tecno | L90: 39 | M90: 50 | N90: 10 | P90: 1.13 | Q90: 36 | R90: 1*5 | T90: 1.95 | U90: 0.113 | V90: 0.02264 | W90: air | AH90: PX_A1_M | AJ90: 0.091811 | AK90: 1 | AL90: -10 | AM90: 10 | AN90: 0 | AO90: 0.00020786 | AP90: 0 | AQ90: 0 | AR90: 0 | AS90: 0 | AT90: 0 | AU90: 0 | AV90: 0 | AW90: 0
A91: PD_A1_M | B91: PD_A1_M | C91: 2021/09/10 | D91: 横山/紙谷 | E91: 四極電磁石 | F91: main-linac | H91: Tecno | L91: 39 | M91: 100 | N91: 300 | P91: 1.623 | Q91: 10 | R91: 2*9PEW4ﾊﾟﾗ | T91: 0.769 | U91: 5.41 | V91: 19.828593 | W91: direct | AH91: PD_A1_M | AJ91: 0.122352 | AK91: 1 | AL91: 0 | AM91: 300 | AN91: -1.8454e-08 | AO91: 0.065185 | AP91: -3.3673e-09 | AQ91: 5.5867e-11 | AR91: -4.3783e-13 | AS91: 1.778e-15 | AT91: -3.6406e-18 | AU91: 2.9854e-21 | AV91: 0 | AW91: 0
A92: PF_A1_M | B92: PF_A1_M | C92: 2021/09/10 | D92: 横山/紙谷 | E92: 四極電磁石 | F92: main-linac | H92: Tecno | L92: 39 | M92: 100 | N92: 300 | P92: 1.623 | Q92: 10 | R92: 2*9PEW4ﾊﾟﾗ | T92: 0.769 | U92: 5.41 | V92: 19.828593 | W92: direct | AH92: PD_A1_M | AJ92: 0.122352 | AK92: 1 | AL92: 0 | AM92: 300 | AN92: -1.8454e-08 | AO92: 0.065185 | AP92: -3.3673e-09 | AQ92: 5.5867e-11 | AR92: -4.3783e-13 | AS92: 1.778e-15 | AT92: -3.6406e-18 | AU92: 2.9854e-21 | AV92: 0 | AW92: 0
A93: SX_A2_1 | B93: SX_A2_1 | C93: 2021/09/10 | D93: 横山/紙谷 | E93: ステアリング電磁石 | F93: main-linac | H93: Techno | L93: 120 | M93: 1000 | N93: 5 | P93: 6.37 | Q93: 90 | R93: 1*5 | T93: 12.9 | U93: 1.274 | V93: 0.00206 | W93: air | AH93: SX_AT_1 | AJ93: 0.9501 | AK93: 1 | AL93: -5 | AM93: 5 | AN93: 0 | AO93: 0.00039144 | AP93: 0 | AQ93: 0 | AR93: 0 | AS93: 0 | AT93: 0 | AU93: 0 | AV93: 0 | AW93: 0
A94: SY_A2_1 | B94: SY_A2_1 | C94: 2021/09/10 | D94: 横山/紙谷 | E94: ステアリング電磁石 | F94: main-linac | H94: Techno | L94: 120 | M94: 1000 | N94: 5 | P94: 6.37 | Q94: 90 | R94: 1*5 | T94: 12.9 | U94: 1.274 | V94: 0.00206 | W94: air | AH94: SX_AT_1 | AJ94: 0.9501 | AK94: 1 | AL94: -5 | AM94: 5 | AN94: 0 | AO94: 0.00039144 | AP94: 0 | AQ94: 0 | AR94: 0 | AS94: 0 | AT94: 0 | AU94: 0 | AV94: 0 | AW94: 0
A95: PD_A2_1 | B95: PD_A2_1 | C95: 2021/09/10 | D95: 横山/紙谷 | E95: 四極電磁石 | F95: main-linac | H95: Tecno | L95: 39 | M95: 100 | N95: 300 | P95: 1.623 | Q95: 10 | R95: 2*9PEW4ﾊﾟﾗ | T95: 0.769 | U95: 5.41 | V95: 19.828593 | W95: direct | AH95: PD_A1_M | AJ95: 0.122352 | AK95: 1 | AL95: 0 | AM95: 300 | AN95: -1.8454e-08 | AO95: 0.065185 | AP95: -3.3673e-09 | AQ95: 5.5867e-11 | AR95: -4.3783e-13 | AS95: 1.778e-15 | AT95: -3.6406e-18 | AU95: 2.9854e-21 | AV95: 0 | AW95: 0
A96: PF_A2_1 | B96: PF_A2_1 | C96: 2021/09/10 | D96: 横山/紙谷 | E96: 四極電磁石 | F96: main-linac | H96: Tecno | L96: 39 | M96: 100 | N96: 300 | P96: 1.623 | Q96: 10 | R96: 2*9PEW4ﾊﾟﾗ | T96: 0.769 | U96: 5.41 | V96: 19.828593 | W96: direct | AH96: PD_A1_M | AJ96: 0.122352 | AK96: 1 | AL96: 0 | AM96: 300 | AN96: -1.8454e-08 | AO96: 0.065185 | AP96: -3.3673e-09 | AQ96: 5.5867e-11 | AR96: -4.3783e-13 | AS96: 1.778e-15 | AT96: -3.6406e-18 | AU96: 2.9854e-21 | AV96: 0 | AW96: 0
A97: SX_A2_2 | B97: SX_A2_2 | C97: 2021/09/10 | D97: 横山/紙谷 | E97: ステアリング電磁石 | F97: main-linac | H97: Techno | L97: 120 | M97: 1000 | N97: 5 | P97: 6.37 | Q97: 90 | R97: 1*5 | T97: 12.9 | U97: 1.274 | V97: 0.00206 | W97: air | AH97: SX_AT_1 | AJ97: 0.9501 | AK97: 1 | AL97: -5 | AM97: 5 | AN97: 0 | AO97: 0.00039144 | AP97: 0 | AQ97: 0 | AR97: 0 | AS97: 0 | AT97: 0 | AU97: 0 | AV97: 0 | AW97: 0
A98: SY_A2_2 | B98: SY_A2_2 | C98: 2021/09/10 | D98: 横山/紙谷 | E98: ステアリング電磁石 | F98: main-linac | H98: Techno | L98: 120 | M98: 1000 | N98: 5 | P98: 6.37 | Q98: 90 | R98: 1*5 | T98: 12.9 | U98: 1.274 | V98: 0.00206 | W98: air | AH98: SX_AT_1 | AJ98: 0.9501 | AK98: 1 | AL98: -5 | AM98: 5 | AN98: 0 | AO98: 0.00039144 | AP98: 0 | AQ98: 0 | AR98: 0 | AS98: 0 | AT98: 0 | AU98: 0 | AV98: 0 | AW98: 0
A99: SX_A2_3 | B99: SX_A2_3 | C99: 2021/09/10 | D99: 横山/紙谷 | E99: ステアリング電磁石 | F99: main-linac | H99: Techno | L99: 120 | M99: 1000 | N99: 5 | P99: 6.37 | Q99: 90 | R99: 1*5 | T99: 12.9 | U99: 1.274 | V99: 0.00206 | W99: air | AH99: SX_AT_1 | AJ99: 0.9501 | AK99: 1 | AL99: -5 | AM99: 5 | AN99: 0 | AO99: 0.00039144 | AP99: 0 | AQ99: 0 | AR99: 0 | AS99: 0 | AT99: 0 | AU99: 0 | AV99: 0 | AW99: 0
A100: SY_A2_3 | B100: SY_A2_3 | C100: 2021/09/10 | D100: 横山/紙谷 | E100: ステアリング電磁石 | F100: main-linac | H100: Techno | L100: 120 | M100: 1000 | N100: 5 | P100: 6.37 | Q100: 90 | R100: 1*5 | T100: 12.9 | U100: 1.274 | V100: 0.00206 | W100: air | AH100: SX_AT_1 | AJ100: 0.9501 | AK100: 1 | AL100: -5 | AM100: 5 | AN100: 0 | AO100: 0.00039144 | AP100: 0 | AQ100: 0 | AR100: 0 | AS100: 0 | AT100: 0 | AU100: 0 | AV100: 0 | AW100: 0
...

Sheet 設計座標
A1: regend : | J1: z : 175 (qd_a1_11 の BL からリフレクタ台座) + 25 (HUBBS ネスト + 1.5" リフレクタ) = 200 --> -70
B2: a : acceleration tubes | C2: d : designed or calculated | D2: a : active flag | J2: z0 の基準 : A1/AS のビームレベルを 0 mm, 値はリフレクタ中心．
B3: f : fiducial points | C3: s : surveyed | J3: ac_* の水準 (z0) はビームレベル．
B4: m : magnets | J4: Length : 電磁石・ソレノイドの場合は磁極長，ビームストッパ・コリメータの場合はビーム進行方向長さ．
B5: d : diagnostics
B6: v : vacuum components
B7: g : gun
B8: s : solenoid
B9: sa : solenoid on acceleration tube
B10: ss : solenoid in solenoid
A12: Beam source | B12: inst_type | C12: d/s | E12: Point name | F12: Element name | G12: s [m] | H12: x [mm] | I12: y [mm] | J12: z [mm] | K12: z0 [mm] | L12: Length [mm] | M12: Bore dia/DA [mm] | O12: 備考
A13: AS | B13: g | C13: d | D13: a | E13: gr_as | F13: gr_as | G13: =$G$14-564.0184/1000 -> -4.3755336 | H13: =$H$14-564.0184 -> -3513.6945 | I13: -9209.3249 | J13: -270 | K13: 0 | L13: 0
A14: AS | B14: s | C14: d | D14: a | E14: sx_as_1c | F14: sx_as_1 | G14: -3.8115152 | H14: -2949.6761 | I14: -9209.3249 | J14: -160 | K14: 110 | L14: 68 | M14: =_xlfn.XLOOKUP(F14,magnet_list!$A$2:$A$592,magnet_list!$L$2:$L$592,"n/a",0,1) -> 80 | O14: edge nest survey
A15: AS | B15: s | C15: d | D15: a | E15: sy_as_1c | F15: sy_as_1 | G15: -3.8115152 | H15: -2949.6761 | I15: -9209.3249 | J15: -160 | K15: 110 | L15: 68 | M15: =_xlfn.XLOOKUP(F15,magnet_list!$A$2:$A$592,magnet_list!$L$2:$L$592,"n/a",0,1) -> 80 | O15: edge nest survey
A16: AS | B16: d | C16: d | D16: a | E16: sc_as_0 | F16: sc_as_0 | G16: =G17-106.5/1000 -> -3.4624152 | H16: -2600.5761 | I16: -9209.3249 | J16: -270 | K16: 0
A17: AS | B17: d | C17: d | D17: a | E17: sp_as_1 | F17: sp_as_1 | G17: =G18-56/1000 -> -3.3559152 | H17: -2494.0761 | I17: -9209.3249 | J17: -270 | K17: 0
A18: AS | B18: m | C18: d | D18: a | E18: qf_as_1c | F18: qf_as_1 | G18: -3.2999152 | H18: -2438.0761 | I18: -9209.3249 | J18: -125 | K18: 145 | L18: 50 | M18: =_xlfn.XLOOKUP(F18,magnet_list!$A$2:$A$592,magnet_list!$L$2:$L$592,"n/a",0,1) -> 44 | O18: edge nest survey
A19: AS | B19: m | C19: d | D19: a | E19: qd_as_1c | F19: qd_as_1 | G19: -3.1499152 | H19: -2288.0761 | I19: -9209.3249 | J19: -125 | K19: 145 | L19: 50 | M19: =_xlfn.XLOOKUP(F19,magnet_list!$A$2:$A$592,magnet_list!$L$2:$L$592,"n/a",0,1) -> 44 | O19: edge nest survey
A20: AS | B20: s | C20: d | D20: a | E20: sx_as_2c | F20: sx_as_2 | G20: -2.9909152 | H20: -2129.0761 | I20: -9209.3249 | J20: -160 | K20: 110 | L20: 68 | M20: =_xlfn.XLOOKUP(F20,magnet_list!$A$2:$A$592,magnet_list!$L$2:$L$592,"n/a",0,1) -> 80 | O20: edge nest survey
A21: AS | B21: s | C21: d | D21: a | E21: sy_as_2c | F21: sy_as_2 | G21: -2.9909152 | H21: -2129.0761 | I21: -9209.3249 | J21: -160 | K21: 110 | L21: 68 | M21: =_xlfn.XLOOKUP(F21,magnet_list!$A$2:$A$592,magnet_list!$L$2:$L$592,"n/a",0,1) -> 80 | O21: edge nest survey
A22: AS | B22: m | C22: d | D22: a | E22: bm_as_1c | F22: bm_as_1 | G22: -2.5606722 | H22: -1703.8409 | I22: -9171.2647 | J22: -125 | K22: 145 | L22: 392.7005 | M22: =_xlfn.XLOOKUP(F22,magnet_list!$A$2:$A$592,magnet_list!$L$2:$L$592,"n/a",0,1) -> 30 | O22: edge nest survey
A23: AT | B23: d | C23: d | D23: a | E23: sp_at_0 | F23: sp_at_0 | G23: =$G$112-ABS($I$112-I23)/1000 -> -2.6197772 | H23: 0 | I23: -9862.4183 | J23: 480 | K23: 750
A24: AT | B24: m | C24: d | D24: a | E24: qd_at_01c | F24: qd_at_01 | G24: =$G$112-ABS($I$112-I24)/1000 -> -2.5382772 | H24: 0 | I24: -9780.9183 | J24: 642 | K24: 912 | L24: 50 | M24: =_xlfn.XLOOKUP(F24,magnet_list!$A$2:$A$592,magnet_list!$L$2:$L$592,"n/a",0,1) -> 44
A25: AT | B25: m | C25: s | E25: qf_at_02 | F25: qf_at_02 | G25: =$G$112-ABS($I$112-I25)/1000 -> -2.3932772 | H25: 0 | I25: -9635.9183 | J25: 642 | K25: 912 | L25: 100 | M25: =_xlfn.XLOOKUP(F25,magnet_list!$A$2:$A$592,magnet_list!$L$2:$L$592,"n/a",0,1) -> 44
A26: AT | B26: m | C26: d | D26: a | E26: qf_at_02c | F26: qf_at_02 | G26: =$G$112-ABS($I$112-I26)/1000 -> -2.3632771 | H26: 0 | I26: -9605.9182 | J26: 642 | K26: 912 | L26: 100 | M26: =_xlfn.XLOOKUP(F26,magnet_list!$A$2:$A$592,magnet_list!$L$2:$L$592,"n/a",0,1) -> 44
A27: AT | B27: m | C27: d | D27: a | E27: qd_at_03c | F27: qd_at_03 | G27: =$G$112-ABS($I$112-I27)/1000 -> -2.2084702 | H27: 0 | I27: -9451.1113 | J27: 642 | K27: 912 | L27: 50 | M27: =_xlfn.XLOOKUP(F27,magnet_list!$A$2:$A$592,magnet_list!$L$2:$L$592,"n/a",0,1) -> 44
A28: AT | B28: m | C28: s | E28: qd_at_03 | F28: qd_at_03 | G28: =$G$112-ABS($I$112-I28)/1000 -> -2.2034702 | H28: 0 | I28: -9446.1113 | J28: 642 | K28: 912 | L28: 50 | M28: =_xlfn.XLOOKUP(F28,magnet_list!$A$2:$A$592,magnet_list!$L$2:$L$592,"n/a",0,1) -> 44
A29: AT | B29: d | C29: d | D29: a | E29: sc_at_0 | F29: sc_at_0 | G29: =$G$112-ABS($I$112-I29)/1000 -> -2.0799702 | H29: 0 | I29: -9322.6113 | J29: 480 | K29: 750
A30: AS | B30: d | C30: d | D30: a | E30: sp_as_2 | F30: sp_as_2 | G30: =G31-56/1000 -> -2.1474295 | H30: -1388.2627 | I30: -8909.5117 | J30: -270 | K30: 0
A31: AS | B31: m | C31: d | D31: a | E31: qf_as_2c | F31: qf_as_2 | G31: -2.0914295 | H31: -1348.6647 | I31: -8860.5577 | J31: -125 | K31: 145 | L31: 50 | M31: =_xlfn.XLOOKUP(F31,magnet_list!$A$2:$A$592,magnet_list!$L$2:$L$592,"n/a",0,1) -> 44 | O31: edge nest survey
A32: AS | B32: m | C32: d | D32: a | E32: qd_as_2c | F32: qd_as_2 | G32: -1.9414295 | H32: -1242.5987 | I32: -8754.4916 | J32: -125 | K32: 145 | L32: 50 | M32: =_xlfn.XLOOKUP(F32,magnet_list!$A$2:$A$592,magnet_list!$L$2:$L$592,"n/a",0,1) -> 44 | O32: edge nest survey
A33: AT | B33: m | C33: d | D33: a | E33: bx_at_0c | F33: bx_at_0 | G33: =$G$112-ABS($I$112-I33)/1000 -> -1.9197039 | H33: 0 | I33: -9162.345 | J33: 575 | K33: 845 | L33: 50 | M33: =_xlfn.XLOOKUP(F33,magnet_list!$A$2:$A$592,magnet_list!$L$2:$L$592,"n/a",0,1) -> 82 | O33: edge nest survey
A34: AT | B34: m | C34: d | D34: a | E34: by_at_0c | F34: by_at_0 | G34: =$G$112-ABS($I$112-I34)/1000 -> -1.9197039 | H34: 0 | I34: -9162.345 | J34: 575 | K34: 845 | L34: 50 | M34: =_xlfn.XLOOKUP(F34,magnet_list!$A$2:$A$592,magnet_list!$L$2:$L$592,"n/a",0,1) -> 82 | O34: edge nest survey
A35: AT | B35: a | C35: d | D35: a | E35: ac_at_1u | F35: ac_at_1 | G35: =$G$112-ABS($I$112-I35)/1000 -> -1.7405885 | H35: 0 | I35: =$I$47-$L$47/2 -> -8983.2296 | J35: 480 | K35: 750 | L35: 1889.4492
A36: AT | B36: sa | C36: d | D36: a | E36: sx_at_1 | F36: sx_at_1 | G36: =$G$112-ABS($I$112-I36)/1000 -> -1.0571089 | H36: 0 | I36: -8299.75 | J36: 480 | K36: 750 | L36: 1000 | M36: =_xlfn.XLOOKUP(F36,magnet_list!$A$2:$A$592,magnet_list!$L$2:$L$592,"n/a",0,1) -> 120
A37: AT | B37: sa | C37: d | D37: a | E37: sy_at_1 | F37: sy_at_1 | G37: =$G$112-ABS($I$112-I37)/1000 -> -1.0571089 | H37: 0 | I37: -8299.75 | J37: 480 | K37: 750 | L37: 1000 | M37: =_xlfn.XLOOKUP(F37,magnet_list!$A$2:$A$592,magnet_list!$L$2:$L$592,"n/a",0,1) -> 120
A38: A1 | B38: g | C38: d | D38: a | E38: gr_a1 | F38: gr_a1 | G38: =$G$39-312.3/1000 -> -1.8603869 | H38: 0 | I38: =$I$39-312.3 -> -9189.1279 | J38: -270 | K38: 0
A39: A1 | B39: m | C39: d | D39: a | E39: solenoid_coil | F39: solenoid_coil | G39: =$G$40-305/1000 -> -1.5480869 | H39: 0 | I39: =$I$40-305 -> -8876.8279 | J39: -270 | K39: 0 | L39: 40
A40: A1 | B40: v | C40: d | D40: a | E40: gv_a1_rg | F40: gv_a1_rg | G40: =$G$41-301/1000 -> -1.2430869 | H40: 0 | I40: =$I$42-301 -> -8571.8279 | J40: -270 | K40: 0
A41: A1 | B41: d | C41: d | D41: a | E41: sp_a1_g | F41: sp_a1_g | G41: =$G$42-72/1000 -> -0.9420869 | H41: 0 | I41: =$I$42-72 -> -8342.8279 | J41: -270 | K41: 0
A42: A1 | B42: m | C42: d | D42: a | E42: qd_a1_g1c | F42: qd_a1_g1 | G42: -0.8700869 | H42: 0 | I42: -8270.8279 | J42: -80 | K42: 190 | L42: 50 | M42: =_xlfn.XLOOKUP(F42,magnet_list!$A$2:$A$592,magnet_list!$L$2:$L$592,"n/a",0,1) -> 44
A43: AS | B43: d | C43: d | D43: a | E43: sc_as_1 | F43: sc_as_1 | G43: =G44-229/1000 -> -1.0991295 | H43: -647.0027 | I43: -8168.2517 | J43: -270 | K43: 0
A44: AS | B44: d | C44: d | D44: a | E44: sp_as_3 | F44: sp_as_3 | G44: =G45-56/1000 -> -0.8701295 | H44: -485.0753 | I44: -8006.3243 | J44: -270 | K44: 0
A45: AS | B45: m | C45: d | D45: a | E45: qd_as_3c | F45: qd_as_3 | G45: -0.8141295 | H45: -445.4773 | I45: -7957.3702 | J45: -125 | K45: 145 | L45: 50 | M45: =_xlfn.XLOOKUP(F45,magnet_list!$A$2:$A$592,magnet_list!$L$2:$L$592,"n/a",0,1) -> 44
A46: A1 | B46: m | C46: d | D46: a | E46: qf_a1_g2c | F46: qf_a1_g2 | G46: -0.7600869 | H46: 0 | I46: -8160.8279 | J46: -80 | K46: 190 | L46: 50 | M46: =_xlfn.XLOOKUP(F46,magnet_list!$A$2:$A$592,magnet_list!$L$2:$L$592,"n/a",0,1) -> 44
A47: AT | B47: a | C47: d | D47: a | E47: ac_at_1c | F47: ac_at_1 | G47: =$G$112-ABS($I$112-I47)/1000 -> -0.79586388 | H47: 0 | I47: -8038.505 | J47: 480 | K47: 750 | L47: 1889.4492
A48: AS | B48: m | C48: d | D48: a | E48: qf_as_3c | F48: qf_as_3 | G48: -0.5641295 | H48: -339.4113 | I48: -7851.3042 | J48: -125 | K48: 145 | L48: 50 | M48: =_xlfn.XLOOKUP(F48,magnet_list!$A$2:$A$592,magnet_list!$L$2:$L$592,"n/a",0,1) -> 44
A49: A1 | B49: d | C49: d | D49: a | E49: sc_a1_g | F49: sc_a1_g | G49: =$G$50-98/1000 -> -0.5126519 | H49: 0 | I49: =$I$50-98 -> -7913.3929 | J49: -270 | K49: 0
A50: A1 | B50: m | C50: d | D50: a | E50: bx_a1_gc | F50: bx_a1_g | G50: -0.4146519 | H50: 0 | I50: -7815.3929 | J50: -180 | K50: 90 | L50: 50 | M50: =_xlfn.XLOOKUP(F50,magnet_list!$A$2:$A$592,magnet_list!$L$2:$L$592,"n/a",0,1) -> 82
A51: A1 | B51: m | C51: d | D51: a | E51: by_a1_gc | F51: by_a1_g | G51: -0.4146519 | H51: 0 | I51: -7815.3929 | J51: -180 | K51: 90 | L51: 50 | M51: =_xlfn.XLOOKUP(F51,magnet_list!$A$2:$A$592,magnet_list!$L$2:$L$592,"n/a",0,1) -> 82
A52: AS | B52: m | C52: d | D52: a | E52: bm_a1_0c | F52: bm_a1_0 | G52: -0.0953872 | H52: -38.0606 | I52: -7496.1282 | J52: -125 | K52: 145 | L52: 392.6996 | M52: =_xlfn.XLOOKUP(F52,magnet_list!$A$2:$A$592,magnet_list!$L$2:$L$592,"n/a",0,1) -> 30
A53: AS | B53: d | C53: d | D53: a | E53: sc_as_2 | F53: sc_as_2 | G53: =G48+968.9999/1000 -> 0.4048704 | H53: 345.7752 | I53: -7175.4739 | J53: -270 | K53: 0
A54: AT/A1/AS | B54: f | C54: s | E54: lt_a1_1_we | F54: lt_a1_1_we | G54: 0.040377 | H54: -3178.964 | I54: -7349.8936 | J54: 179.7386 | K54: 449.7386
A55: AT | B55: a | C55: d | D55: a | E55: ac_at_1d | F55: ac_at_1 | G55: =$G$112-ABS($I$112-I55)/1000 -> 0.14886072 | H55: 0 | I55: =$I$47+$L$47/2 -> -7093.7804 | J55: 480 | K55: 750 | L55: 1889.4492
A56: A1/AS | B56: d | C56: d | D56: a | E56: sp_a1_0 | F56: sp_a1_0 | G56: =$G$58-38/1000 -> 0.3694131 | H56: 0 | I56: =$I$58-38 -> -7031.3279 | J56: -270 | K56: 0
A57: A1/AS | B57: m | C57: d | E57: qd_a1_01 | F57: qd_a1_01 | G57: 0.3924131 | H57: 0 | I57: -7008.3279 | J57: -80 | K57: 190 | L57: 50 | M57: =_xlfn.XLOOKUP(F57,magnet_list!$A$2:$A$592,magnet_list!$L$2:$L$592,"n/a",0,1) -> 44
A58: A1/AS | B58: m | C58: d | D58: a | E58: qd_a1_01c | F58: qd_a1_01 | G58: 0.4074131 | H58: 0 | I58: -6993.3279 | J58: -80 | K58: 190 | L58: 50 | M58: =_xlfn.XLOOKUP(F58,magnet_list!$A$2:$A$592,magnet_list!$L$2:$L$592,"n/a",0,1) -> 44
A59: AT | B59: d | C59: d | D59: a | E59: sp_at_1 | F59: sp_at_1 | G59: =$G$112-ABS($I$112-I59)/1000 -> 0.23768335 | H59: 0 | I59: -7004.9578 | J59: 480 | K59: 750
A60: AT | B60: m | C60: d | E60: qd_at_11 | F60: qd_at_11 | G60: =$G$112-ABS($I$112-I60)/1000 -> 0.28816135 | H60: 0 | I60: -6954.4798 | J60: 642 | K60: 912 | L60: =_xlfn.XLOOKUP(F60,magnet_list!$A$2:$A$592,magnet_list!$M$2:$M$592,"n/a",0,1) -> 50 | M60: =_xlfn.XLOOKUP(F60,magnet_list!$A$2:$A$592,magnet_list!$L$2:$L$592,"n/a",0,1) -> 44
A61: AT | B61: m | C61: d | D61: a | E61: qd_at_11c | F61: qd_at_11 | G61: =$G$112-ABS($I$112-I61)/1000 -> 0.29316135 | H61: 0 | I61: -6949.4798 | J61: 642 | K61: 912 | L61: =_xlfn.XLOOKUP(F61,magnet_list!$A$2:$A$592,magnet_list!$M$2:$M$592,"n/a",0,1) -> 50 | M61: =_xlfn.XLOOKUP(F61,magnet_list!$A$2:$A$592,magnet_list!$L$2:$L$592,"n/a",0,1) -> 44
A62: A1/AS | B62: m | C62: d | D62: a | E62: qf_a1_02c | F62: qf_a1_02 | G62: 0.508057 | H62: 0 | I62: -6892.684 | J62: -80 | K62: 190 | L62: =_xlfn.XLOOKUP(F62,magnet_list!$A$2:$A$592,magnet_list!$M$2:$M$592,"n/a",0,1) -> 50 | M62: =_xlfn.XLOOKUP(F62,magnet_list!$A$2:$A$592,magnet_list!$L$2:$L$592,"n/a",0,1) -> 44
A63: A1/AS | B63: m | C63: d | E63: qf_a1_02 | F63: qf_a1_02 | G63: 0.523057 | H63: 0 | I63: -6877.684 | J63: -80 | K63: 190 | L63: =_xlfn.XLOOKUP(F63,magnet_list!$A$2:$A$592,magnet_list!$M$2:$M$592,"n/a",0,1) -> 50 | M63: =_xlfn.XLOOKUP(F63,magnet_list!$A$2:$A$592,magnet_list!$L$2:$L$592,"n/a",0,1) -> 44
A64: A1/AS | B64: d | C64: d | D64: a | E64: sc_a1_0 | F64: sc_a1_0 | G64: =$G$62+(I64-I62)/1000 -> 0.628057 | H64: 0 | I64: =$I$62+95+25 -> -6772.684 | J64: -270 | K64: 0
A65: AT | B65: m | C65: d | E65: qf_at_12 | F65: qf_at_12 | G65: =$G$112-ABS($I$112-I65)/1000 -> 0.43755204 | H65: 0 | I65: -6805.0891 | J65: 642 | K65: 912 | L65: =_xlfn.XLOOKUP(F65,magnet_list!$A$2:$A$592,magnet_list!$M$2:$M$592,"n/a",0,1) -> 100 | M65: =_xlfn.XLOOKUP(F65,magnet_list!$A$2:$A$592,magnet_list!$L$2:$L$592,"n/a",0,1) -> 44
A66: AT | B66: m | C66: d | D66: a | E66: qf_at_12c | F66: qf_at_12 | G66: =$G$112-ABS($I$112-I66)/1000 -> 0.46755204 | H66: 0 | I66: -6775.0891 | J66: 642 | K66: 912 | L66: =_xlfn.XLOOKUP(F66,magnet_list!$A$2:$A$592,magnet_list!$M$2:$M$592,"n/a",0,1) -> 100 | M66: =_xlfn.XLOOKUP(F66,magnet_list!$A$2:$A$592,magnet_list!$L$2:$L$592,"n/a",0,1) -> 44
A67: A1/AS | B67: a | C67: d | D67: a | E67: ac_a1_1u | F67: ac_a1_1 | G67: 0.7689031 | H67: 0 | I67: -6631.8379 | J67: -270 | K67: 0 | L67: 1889.4492
A68: A1/AS | B68: sa | C68: d | D68: a | E68: sx_a1_1 | F68: sx_a1_1 | G68: =$G$67+ABS($I$68-$I$67)/1000 -> 1.4049031 | H68: 0 | I68: =$I$67+636 -> -5995.8379 | J68: -270 | K68: 0 | M68: =_xlfn.XLOOKUP(F68,magnet_list!$A$2:$A$592,magnet_list!$L$2:$L$592,"n/a",0,1) -> 120
A69: A1/AS | B69: sa | C69: d | D69: a | E69: sy_a1_1 | F69: sy_a1_1 | G69: =$G$67+ABS($I$68-$I$67)/1000 -> 1.4049031 | H69: 0 | I69: =$I$67+636 -> -5995.8379 | J69: -270 | K69: 0 | M69: =_xlfn.XLOOKUP(F69,magnet_list!$A$2:$A$592,magnet_list!$L$2:$L$592,"n/a",0,1) -> 120
A70: AT | B70: m | C70: d | D70: a | E70: qd_at_13c | F70: qd_at_13 | G70: =$G$112-ABS($I$112-I70)/1000 -> 0.64286623 | H70: 0 | I70: -6599.7749 | J70: 642 | K70: 912 | L70: =_xlfn.XLOOKUP(F70,magnet_list!$A$2:$A$592,magnet_list!$M$2:$M$592,"n/a",0,1) -> 50 | M70: =_xlfn.XLOOKUP(F70,magnet_list!$A$2:$A$592,magnet_list!$L$2:$L$592,"n/a",0,1) -> 44
A71: AT | B71: m | C71: d | E71: qd_at_13 | F71: qd_at_13 | G71: =$G$112-ABS($I$112-I71)/1000 -> 0.64786623 | H71: 0 | I71: -6594.7749 | J71: 642 | K71: 912 | L71: =_xlfn.XLOOKUP(F71,magnet_list!$A$2:$A$592,magnet_list!$M$2:$M$592,"n/a",0,1) -> 50 | M71: =_xlfn.XLOOKUP(F71,magnet_list!$A$2:$A$592,magnet_list!$L$2:$L$592,"n/a",0,1) -> 44
A72: AT | B72: d | C72: d | D72: a | E72: sc_at_1 | F72: sc_at_1 | G72: =$G$112-ABS($I$112-I72)/1000 -> 0.76036623 | H72: 0 | I72: -6482.2749 | J72: 480 | K72: 750
A73: AT | B73: a | C73: d | D73: a | E73: ac_at_2u | F73: ac_at_2 | G73: =$G$112-ABS($I$112-I73)/1000 -> 1.0073015 | H73: 0 | I73: =$I$77-$L$77/2 -> -6235.3396 | J73: 480 | K73: 750 | L73: 1889.4492
A74: AT | B74: sa | C74: d | D74: a | E74: sx_at_2 | F74: sx_at_21 | G74: =$G$112-ABS($I$112-I74)/1000 -> 1.6907861 | H74: 0 | I74: -5551.855 | J74: 480 | K74: 750 | M74: =_xlfn.XLOOKUP(F74,magnet_list!$A$2:$A$592,magnet_list!$L$2:$L$592,"n/a",0,1) -> 120 | O74: =$I$77-261.24 -> -5551.855
A75: AT | B75: sa | C75: d | D75: a | E75: sy_at_2 | F75: sy_at_21 | G75: =$G$112-ABS($I$112-I75)/1000 -> 1.6907861 | H75: 0 | I75: -5551.855 | J75: 480 | K75: 750 | M75: =_xlfn.XLOOKUP(F75,magnet_list!$A$2:$A$592,magnet_list!$L$2:$L$592,"n/a",0,1) -> 120
A76: A1/AS | B76: a | C76: d | D76: a | E76: ac_a1_1c | F76: ac_a1_1 | G76: 1.7161331 | H76: 0 | I76: -5684.6079 | J76: -270 | K76: 0 | L76: 1889.4492
A77: AT | B77: a | C77: d | D77: a | E77: ac_at_2c | F77: ac_at_2 | G77: =$G$112-ABS($I$112-I77)/1000 -> 1.9520261 | H77: 0 | I77: -5290.615 | J77: 480 | K77: 750 | L77: 1889.4492
A78: A1/AS | B78: a | C78: d | D78: a | E78: ac_a1_1d | F78: ac_a1_1 | G78: 2.6633731 | H78: 0 | I78: -4737.3679 | J78: -270 | K78: 0 | L78: 1889.4492
A79: A1/AS | B79: d | C79: d | D79: a | E79: sp_a1_1 | F79: sp_a1_1 | G79: =$G$81-85/1000 -> 2.7588731 | H79: 0 | I79: =$I$81-85 -> -4641.8679 | J79: -270 | K79: 0
A80: A1/AS | B80: m | C80: d | E80: qd_a1_11 | F80: qd_a1_11 | G80: 2.8288731 | H80: 0 | I80: -4571.8679 | J80: -70 | K80: 200 | L80: =_xlfn.XLOOKUP(F80,magnet_list!$A$2:$A$592,magnet_list!$M$2:$M$592,"n/a",0,1) -> 50 | M80: =_xlfn.XLOOKUP(F80,magnet_list!$A$2:$A$592,magnet_list!$L$2:$L$592,"n/a",0,1) -> 44
A81: A1/AS | B81: m | C81: d | D81: a | E81: qd_a1_11c | F81: qd_a1_11 | G81: 2.8438731 | H81: 0 | I81: -4556.8679 | J81: -70 | K81: 200 | L81: =_xlfn.XLOOKUP(F81,magnet_list!$A$2:$A$592,magnet_list!$M$2:$M$592,"n/a",0,1) -> 50 | M81: =_xlfn.XLOOKUP(F81,magnet_list!$A$2:$A$592,magnet_list!$L$2:$L$592,"n/a",0,1) -> 44
A82: A1/AS | B82: m | C82: d | E82: qf_a1_12 | F82: qf_a1_12 | G82: 2.9641631 | H82: 0 | I82: -4436.5779 | J82: -70 | K82: 200 | L82: =_xlfn.XLOOKUP(F82,magnet_list!$A$2:$A$592,magnet_list!$M$2:$M$592,"n/a",0,1) -> 100 | M82: =_xlfn.XLOOKUP(F82,magnet_list!$A$2:$A$592,magnet_list!$L$2:$L$592,"n/a",0,1) -> 44
A83: A1/AS | B83: m | C83: d | D83: a | E83: qf_a1_12c | F83: qf_a1_12 | G83: 2.9941631 | H83: 0 | I83: -4406.5779 | J83: -70 | K83: 200 | L83: =_xlfn.XLOOKUP(F83,magnet_list!$A$2:$A$592,magnet_list!$M$2:$M$592,"n/a",0,1) -> 100 | M83: =_xlfn.XLOOKUP(F83,magnet_list!$A$2:$A$592,magnet_list!$L$2:$L$592,"n/a",0,1) -> 44
A84: A1/AS | B84: f | C84: s | E84: lt_a1_2_ww | F84: lt_a1_2_ww | G84: 2.987139 | H84: 2265.8318 | I84: -4392.0715 | J84: 180.61777 | K84: 450.61777
A85: AT | B85: a | C85: d | D85: a | E85: ac_at_2d | F85: ac_at_2 | G85: =$G$112-ABS($I$112-I85)/1000 -> 2.8967507 | H85: 0 | I85: =$I$77+$L$77/2 -> -4345.8904 | J85: 480 | K85: 750 | L85: 1889.4492
A86: AT | B86: d | C86: d | D86: a | E86: sp_at_2 | F86: sp_at_2 | G86: =$G$112-ABS($I$112-I86)/1000 -> 2.9888186 | H86: 0 | I86: -4253.8225 | J86: 480 | K86: 750
A87: A1/AS | B87: m | C87: d | D87: a | E87: qd_a1_13c | F87: qd_a1_13 | G87: 3.2032821 | H87: 0 | I87: -4197.4589 | J87: -70 | K87: 200 | L87: =_xlfn.XLOOKUP(F87,magnet_list!$A$2:$A$592,magnet_list!$M$2:$M$592,"n/a",0,1) -> 50 | M87: =_xlfn.XLOOKUP(F87,magnet_list!$A$2:$A$592,magnet_list!$L$2:$L$592,"n/a",0,1) -> 44
A88: A1/AS | B88: m | C88: d | E88: qd_a1_13 | F88: qd_a1_13 | G88: 3.2182821 | H88: 0 | I88: -4182.4589 | J88: -70 | K88: 200 | L88: =_xlfn.XLOOKUP(F88,magnet_list!$A$2:$A$592,magnet_list!$M$2:$M$592,"n/a",0,1) -> 50 | M88: =_xlfn.XLOOKUP(F88,magnet_list!$A$2:$A$592,magnet_list!$L$2:$L$592,"n/a",0,1) -> 44
A89: A1/AS | B89: d | C89: d | D89: a | E89: sc_a1_1 | F89: sc_a1_1 | G89: =$G$97-260/1000 -> 3.4002821 | H89: 0 | I89: =$I$97-260 -> -4000.4589 | J89: -270 | K89: 0
A90: AT | B90: m | C90: s | E90: qd_at_21 | F90: qd_at_21 | G90: =$G$112-ABS($I$112-I90)/1000 -> 3.0913866 | H90: 0 | I90: -4151.2545 | J90: 680 | K90: 950 | L90: =_xlfn.XLOOKUP(F90,magnet_list!$A$2:$A$592,magnet_list!$M$2:$M$592,"n/a",0,1) -> 50 | M90: =_xlfn.XLOOKUP(F90,magnet_list!$A$2:$A$592,magnet_list!$L$2:$L$592,"n/a",0,1) -> 44
A91: AT | B91: m | C91: d | D91: a | E91: qd_at_21c | F91: qd_at_21 | G91: =$G$112-ABS($I$112-I91)/1000 -> 3.0963866 | H91: 0 | I91: -4146.2545 | J91: 680 | K91: 950 | L91: =_xlfn.XLOOKUP(F91,magnet_list!$A$2:$A$592,magnet_list!$M$2:$M$592,"n/a",0,1) -> 50 | M91: =_xlfn.XLOOKUP(F91,magnet_list!$A$2:$A$592,magnet_list!$L$2:$L$592,"n/a",0,1) -> 44
A92: AT | B92: m | C92: s | E92: qf_at_22 | F92: qf_at_22 | G92: =$G$112-ABS($I$112-I92)/1000 -> 3.2410963 | H92: 0 | I92: -4001.5449 | J92: 680 | K92: 950 | L92: =_xlfn.XLOOKUP(F92,magnet_list!$A$2:$A$592,magnet_list!$M$2:$M$592,"n/a",0,1) -> 100 | M92: =_xlfn.XLOOKUP(F92,magnet_list!$A$2:$A$592,magnet_list!$L$2:$L$592,"n/a",0,1) -> 44
A93: AT | B93: m | C93: d | D93: a | E93: qf_at_22c | F93: qf_at_22 | G93: =$G$112-ABS($I$112-I93)/1000 -> 3.2710963 | H93: 0 | I93: -3971.5449 | J93: 680 | K93: 950 | L93: =_xlfn.XLOOKUP(F93,magnet_list!$A$2:$A$592,magnet_list!$M$2:$M$592,"n/a",0,1) -> 100 | M93: =_xlfn.XLOOKUP(F93,magnet_list!$A$2:$A$592,magnet_list!$L$2:$L$592,"n/a",0,1) -> 44
A94: AT | B94: m | C94: d | D94: a | E94: qd_at_23c | F94: qd_at_23 | G94: =$G$112-ABS($I$112-I94)/1000 -> 3.4465222 | H94: 0 | I94: -3796.1189 | J94: 680 | K94: 950 | L94: =_xlfn.XLOOKUP(F94,magnet_list!$A$2:$A$592,magnet_list!$M$2:$M$592,"n/a",0,1) -> 50 | M94: =_xlfn.XLOOKUP(F94,magnet_list!$A$2:$A$592,magnet_list!$L$2:$L$592,"n/a",0,1) -> 44
A95: AT | B95: m | C95: s | E95: qd_at_23 | F95: qd_at_23 | G95: =$G$112-ABS($I$112-I95)/1000 -> 3.4515222 | H95: 0 | I95: -3791.1189 | J95: 680 | K95: 950 | L95: =_xlfn.XLOOKUP(F95,magnet_list!$A$2:$A$592,magnet_list!$M$2:$M$592,"n/a",0,1) -> 50 | M95: =_xlfn.XLOOKUP(F95,magnet_list!$A$2:$A$592,magnet_list!$L$2:$L$592,"n/a",0,1) -> 44
A96: AT | B96: d | C96: d | D96: a | E96: sc_at_2 | F96: sc_at_2 | G96: =$G$112-ABS($I$112-I96)/1000 -> 3.6639522 | H96: 0 | I96: -3578.6889 | J96: 480 | K96: 750
A97: A1/AS | B97: m | C97: d | D97: a | E97: bm_a1_c1c | F97: bm_a1_c1 | G97: 3.6602821 | H97: 0 | I97: -3740.4589 | J97: -95 | K97: 175 | L97: =_xlfn.XLOOKUP(F97,magnet_list!$A$2:$A$592,magnet_list!$M$2:$M$592,"n/a",0,1) -> 100 | M97: =_xlfn.XLOOKUP(F97,magnet_list!$A$2:$A$592,magnet_list!$L$2:$L$592,"n/a",0,1) -> 40
A98: AT/A1/AS | B98: f | C98: s | E98: lt_a1_2_we | F98: lt_a1_2_we | G98: 3.688257 | H98: -3174.6884 | I98: -3702.0197 | J98: 180.37723 | K98: 450.37723
A99: AT | B99: m | C99: s | D99: a | E99: px_at_22 | F99: px_at_22 | G99: =$G$112-ABS($I$112-I99)/1000 -> 3.9149699 | H99: 0 | I99: -3327.6712 | J99: 680 | K99: 950 | L99: =_xlfn.XLOOKUP(F99,magnet_list!$A$2:$A$592,magnet_list!$M$2:$M$592,"n/a",0,1) -> 50 | M99: =_xlfn.XLOOKUP(F99,magnet_list!$A$2:$A$592,magnet_list!$L$2:$L$592,"n/a",0,1) -> 39
A100: A1/AS | B100: m | C100: d | D100: a | E100: bm_a1_c2c | F100: bm_a1_c2 | G100: 4.1602821 | H100: 0 | I100: -3240.4589 | J100: -95 | K100: 175 | L100: =_xlfn.XLOOKUP(F100,magnet_list!$A$2:$A$592,magnet_list!$M$2:$M$592,"n/a",0,1) -> 100 | M100: =_xlfn.XLOOKUP(F100,magnet_list!$A$2:$A$592,magnet_list!$L$2:$L$592,"n/a",0,1) -> 40
A101: A1/AS | B101: d | C101: d | D101: a | E101: sc_a1_c2_0 | F101: sc_a1_c2_0 | G101: =$G$100+200/1000 -> 4.3602821 | H101: 0 | I101: =$I$100+200 -> -3040.4589 | J101: -270 | K101: 0
...

Sheet 測地線補正
D1: 20160929 | E1: 20180925 | N1: c0 | O1: c1 | P1: c2 | Q1: c3 | R1: c4
A2: Point Name | B2: s [m] | C2: y [m] | D2: z [mm] | E2: z [mm] | F2: z [mm] | G2: z' [mm] | H2: z" [mm] | I2: Δz [mm] | L2: =SUM(L26:L105) -> -0.38854381 | M2: 3rd | N2: -1.4231 | O2: -0.046848 | P2: -0.00015869 | Q2: -1.3568e-07 | U2: =SUM(K26:K105) -> 4.035511
A3: pd_a1d | B3: 8.08278 | C3: =_xlfn.XLOOKUP($A3,[1]usmn_pd!$A$2:$A$118,[1]usmn_pd!$D$2:$D$118,"n/a",0,1)/1000 -> 0.69341315 | E3: 0.13295088 | F3: =_xlfn.XLOOKUP($A3,[1]usmn_pd!$A$2:$A$118,[1]usmn_pd!$F$2:$F$118,"n/a",0,1) -> 0 | G3: =F3-($F$3-$F$24)/($C$3-$C$24)*($C3-$C$24)-$F$24 -> 0 | H3: =G3+($E$3-$E$24)/($C$3-$C$24)*($C3-$C$24)+$E$24 -> 0.13295088 | I3: =$E3-_xlfn.XLOOKUP($A3,[1]usmn_pd!$A$2:$A$118,[1]usmn_pd!$F$2:$F$118,"n/a",0,1) -> 0.13295088 | M3: 3rd | N3: 0.027195 | O3: -0.092467 | P3: 0.00057087 | Q3: -4.1453e-06
A4: pd_a2u | B4: 8.452527 | C4: =_xlfn.XLOOKUP($A4,[1]usmn_pd!$A$2:$A$118,[1]usmn_pd!$D$2:$D$118,"n/a",0,1)/1000 -> 1.0631862 | E4: 0.15382667 | F4: =_xlfn.XLOOKUP($A4,[1]usmn_pd!$A$2:$A$118,[1]usmn_pd!$F$2:$F$118,"n/a",0,1) -> 0.32884537 | G4: =F4-($F$3-$F$24)/($C$3-$C$24)*($C4-$C$24)-$F$24 -> 0.29921144 | H4: =G4+($E$3-$E$24)/($C$3-$C$24)*($C4-$C$24)+$E$24 -> 0.43144727 | I4: =$E4-_xlfn.XLOOKUP($A4,[1]usmn_pd!$A$2:$A$118,[1]usmn_pd!$F$2:$F$118,"n/a",0,1) -> -0.1750187
A5: pd_a2d | B5: 19.099688 | C5: =_xlfn.XLOOKUP($A5,[1]usmn_pd!$A$2:$A$118,[1]usmn_pd!$D$2:$D$118,"n/a",0,1)/1000 -> 11.710309 | E5: 0.13760008 | F5: =_xlfn.XLOOKUP($A5,[1]usmn_pd!$A$2:$A$118,[1]usmn_pd!$F$2:$F$118,"n/a",0,1) -> 1.1982532 | G5: =F5-($F$3-$F$24)/($C$3-$C$24)*($C5-$C$24)-$F$24 -> 0.31534957 | H5: =G5+($E$3-$E$24)/($C$3-$C$24)*($C5-$C$24)+$E$24 -> 0.42699658 | I5: =$E5-_xlfn.XLOOKUP($A5,[1]usmn_pd!$A$2:$A$118,[1]usmn_pd!$F$2:$F$118,"n/a",0,1) -> -1.0606531
A6: pd_a3u | B6: 20.313375 | C6: =_xlfn.XLOOKUP($A6,[1]usmn_pd!$A$2:$A$118,[1]usmn_pd!$D$2:$D$118,"n/a",0,1)/1000 -> 12.924014 | E6: -0.075108751 | F6: =_xlfn.XLOOKUP($A6,[1]usmn_pd!$A$2:$A$118,[1]usmn_pd!$F$2:$F$118,"n/a",0,1) -> 0.97148748 | G6: =F6-($F$3-$F$24)/($C$3-$C$24)*($C6-$C$24)-$F$24 -> -0.0086835052 | H6: =G6+($E$3-$E$24)/($C$3-$C$24)*($C6-$C$24)+$E$24 -> 0.10061651 | I6: =$E6-_xlfn.XLOOKUP($A6,[1]usmn_pd!$A$2:$A$118,[1]usmn_pd!$F$2:$F$118,"n/a",0,1) -> -1.0465962
A7: pd_a3d | B7: 29.700553 | C7: =_xlfn.XLOOKUP($A7,[1]usmn_pd!$A$2:$A$118,[1]usmn_pd!$D$2:$D$118,"n/a",0,1)/1000 -> 22.311177 | E7: -0.33716254 | F7: =_xlfn.XLOOKUP($A7,[1]usmn_pd!$A$2:$A$118,[1]usmn_pd!$F$2:$F$118,"n/a",0,1) -> 1.7136212 | G7: =F7-($F$3-$F$24)/($C$3-$C$24)*($C7-$C$24)-$F$24 -> -0.018845173 | H7: =G7+($E$3-$E$24)/($C$3-$C$24)*($C7-$C$24)+$E$24 -> 0.072302455 | I7: =$E7-_xlfn.XLOOKUP($A7,[1]usmn_pd!$A$2:$A$118,[1]usmn_pd!$F$2:$F$118,"n/a",0,1) -> -2.0507837
A8: pd_a4u | B8: 30.814762 | C8: =_xlfn.XLOOKUP($A8,[1]usmn_pd!$A$2:$A$118,[1]usmn_pd!$D$2:$D$118,"n/a",0,1)/1000 -> 23.425386 | E8: -0.18536829 | F8: =_xlfn.XLOOKUP($A8,[1]usmn_pd!$A$2:$A$118,[1]usmn_pd!$F$2:$F$118,"n/a",0,1) -> 1.7725789 | G8: =F8-($F$3-$F$24)/($C$3-$C$24)*($C8-$C$24)-$F$24 -> -0.049181162 | H8: =G8+($E$3-$E$24)/($C$3-$C$24)*($C8-$C$24)+$E$24 -> 0.039811868 | I8: =$E8-_xlfn.XLOOKUP($A8,[1]usmn_pd!$A$2:$A$118,[1]usmn_pd!$F$2:$F$118,"n/a",0,1) -> -1.9579472
A9: pd_a4d | B9: 40.202587 | C9: =_xlfn.XLOOKUP($A9,[1]usmn_pd!$A$2:$A$118,[1]usmn_pd!$D$2:$D$118,"n/a",0,1)/1000 -> 32.813161 | E9: -0.1277241 | F9: =_xlfn.XLOOKUP($A9,[1]usmn_pd!$A$2:$A$118,[1]usmn_pd!$F$2:$F$118,"n/a",0,1) -> 2.2868187 | G9: =F9-($F$3-$F$24)/($C$3-$C$24)*($C9-$C$24)-$F$24 -> -0.28728583 | H9: =G9+($E$3-$E$24)/($C$3-$C$24)*($C9-$C$24)+$E$24 -> -0.21644637 | I9: =$E9-_xlfn.XLOOKUP($A9,[1]usmn_pd!$A$2:$A$118,[1]usmn_pd!$F$2:$F$118,"n/a",0,1) -> -2.4145428
A10: pd_b1u | B10: 43.953697 | C10: =_xlfn.XLOOKUP($A10,[1]usmn_pd!$A$2:$A$118,[1]usmn_pd!$D$2:$D$118,"n/a",0,1)/1000 -> 36.56427 | E10: -0.093785814 | F10: =_xlfn.XLOOKUP($A10,[1]usmn_pd!$A$2:$A$118,[1]usmn_pd!$F$2:$F$118,"n/a",0,1) -> 2.4052239 | G10: =F10-($F$3-$F$24)/($C$3-$C$24)*($C10-$C$24)-$F$24 -> -0.46949778 | H10: =G10+($E$3-$E$24)/($C$3-$C$24)*($C10-$C$24)+$E$24 -> -0.40591201 | I10: =$E10-_xlfn.XLOOKUP($A10,[1]usmn_pd!$A$2:$A$118,[1]usmn_pd!$F$2:$F$118,"n/a",0,1) -> -2.4990097
A11: pd_b2u | B11: 53.461811 | C11: =_xlfn.XLOOKUP($A11,[1]usmn_pd!$A$2:$A$118,[1]usmn_pd!$D$2:$D$118,"n/a",0,1)/1000 -> 46.072349 | E11: -0.070593314 | F11: =_xlfn.XLOOKUP($A11,[1]usmn_pd!$A$2:$A$118,[1]usmn_pd!$F$2:$F$118,"n/a",0,1) -> 3.165681 | G11: =F11-($F$3-$F$24)/($C$3-$C$24)*($C11-$C$24)-$F$24 -> -0.47102643 | H11: =G11+($E$3-$E$24)/($C$3-$C$24)*($C11-$C$24)+$E$24 -> -0.42582687 | I11: =$E11-_xlfn.XLOOKUP($A11,[1]usmn_pd!$A$2:$A$118,[1]usmn_pd!$F$2:$F$118,"n/a",0,1) -> -3.2362743
A12: pd_b2d | B12: 62.010359 | C12: =_xlfn.XLOOKUP($A12,[1]usmn_pd!$A$2:$A$118,[1]usmn_pd!$D$2:$D$118,"n/a",0,1)/1000 -> 54.62086 | E12: -0.10241059 | F12: =_xlfn.XLOOKUP($A12,[1]usmn_pd!$A$2:$A$118,[1]usmn_pd!$F$2:$F$118,"n/a",0,1) -> 3.9648493 | G12: =F12-($F$3-$F$24)/($C$3-$C$24)*($C12-$C$24)-$F$24 -> -0.35694323 | H12: =G12+($E$3-$E$24)/($C$3-$C$24)*($C12-$C$24)+$E$24 -> -0.32827431 | I12: =$E12-_xlfn.XLOOKUP($A12,[1]usmn_pd!$A$2:$A$118,[1]usmn_pd!$F$2:$F$118,"n/a",0,1) -> -4.0672599
A13: pd_b3u | B13: 63.150419 | C13: =_xlfn.XLOOKUP($A13,[1]usmn_pd!$A$2:$A$118,[1]usmn_pd!$D$2:$D$118,"n/a",0,1)/1000 -> 55.760873 | E13: -0.063009917 | F13: =_xlfn.XLOOKUP($A13,[1]usmn_pd!$A$2:$A$118,[1]usmn_pd!$F$2:$F$118,"n/a",0,1) -> 3.9566328 | G13: =F13-($F$3-$F$24)/($C$3-$C$24)*($C13-$C$24)-$F$24 -> -0.45652133 | H13: =G13+($E$3-$E$24)/($C$3-$C$24)*($C13-$C$24)+$E$24 -> -0.43005691 | I13: =$E13-_xlfn.XLOOKUP($A13,[1]usmn_pd!$A$2:$A$118,[1]usmn_pd!$F$2:$F$118,"n/a",0,1) -> -4.0196427
A14: pd_b3d | B14: 71.698403 | C14: =_xlfn.XLOOKUP($A14,[1]usmn_pd!$A$2:$A$118,[1]usmn_pd!$D$2:$D$118,"n/a",0,1)/1000 -> 64.308843 | E14: 0.025925552 | F14: =_xlfn.XLOOKUP($A14,[1]usmn_pd!$A$2:$A$118,[1]usmn_pd!$F$2:$F$118,"n/a",0,1) -> 4.9925492 | G14: =F14-($F$3-$F$24)/($C$3-$C$24)*($C14-$C$24)-$F$24 -> -0.10564664 | H14: =G14+($E$3-$E$24)/($C$3-$C$24)*($C14-$C$24)+$E$24 -> -0.095711819 | I14: =$E14-_xlfn.XLOOKUP($A14,[1]usmn_pd!$A$2:$A$118,[1]usmn_pd!$F$2:$F$118,"n/a",0,1) -> -4.9666236
A15: pd_b4u | B15: 72.750066 | C15: =_xlfn.XLOOKUP($A15,[1]usmn_pd!$A$2:$A$118,[1]usmn_pd!$D$2:$D$118,"n/a",0,1)/1000 -> 65.36049 | E15: 0.25589642 | F15: =_xlfn.XLOOKUP($A15,[1]usmn_pd!$A$2:$A$118,[1]usmn_pd!$F$2:$F$118,"n/a",0,1) -> 5.0987181 | G15: =F15-($F$3-$F$24)/($C$3-$C$24)*($C15-$C$24)-$F$24 -> -0.083757662 | H15: =G15+($E$3-$E$24)/($C$3-$C$24)*($C15-$C$24)+$E$24 -> -0.075856459 | I15: =$E15-_xlfn.XLOOKUP($A15,[1]usmn_pd!$A$2:$A$118,[1]usmn_pd!$F$2:$F$118,"n/a",0,1) -> -4.8428217
... A24: pd_b8d | B24: 119.6951 | C24: =_xlfn.XLOOKUP($A24,[1]usmn_pd!$A$2:$A$118,[1]usmn_pd!$D$2:$D$118,"n/a",0,1)/1000 -> 112.30557 | E24: -0.08287865 | F24: =_xlfn.XLOOKUP($A24,[1]usmn_pd!$A$2:$A$118,[1]usmn_pd!$F$2:$F$118,"n/a",0,1) -> 8.9446956 | G24: =F24-($F$3-$F$24)/($C$3-$C$24)*($C24-$C$24)-$F$24 -> 0 | H24: =G24+($E$3-$E$24)/($C$3-$C$24)*($C24-$C$24)+$E$24 -> -0.08287865 | I24: =$E24-_xlfn.XLOOKUP($A24,[1]usmn_pd!$A$2:$A$118,[1]usmn_pd!$F$2:$F$118,"n/a",0,1) -> -9.0275742
A26: pd_r063u | B26: =VLOOKUP(A26,[2]usmn_ana14_pd!$A$2:$B$119,2,FALSE) -> 152.47843 | C26: =_xlfn.XLOOKUP($A26,[1]usmn_pd!$A$2:$A$118,[1]usmn_pd!$D$2:$D$118,"n/a",0,1)/1000 -> 111.88289 | D26: -0.027450181 | F26: =_xlfn.XLOOKUP($A26,[1]usmn_pd!$A$2:$A$118,[1]usmn_pd!$F$2:$F$118,"N/A",0,1) -> 8.5861619 | G26: =F26-($F$26-$F$105)/($C$26*1000-$C$105*1000)*($C26*1000-$C$105*1000)-$F$105 -> 0 | H26: =G26+($D$26-$D$105)/($C$26*1000-$C$105*1000)*($C26*1000-$C$105*1000)+$D$105 -> -0.027450181 | I26: =$D26-VLOOKUP($A26,[1]usmn_pd!$A$2:$F$118,6,FALSE) -> -8.6136121 | J26: =$Q$2*$C26^3+$P$2*$C26^2+$O$2*$C26+$N$2 -> -8.8410595 | K26: =(I26-J26)^2 -> 0.051732312 | L26: =K26/J26 -> -0.0058513702 | M26: 3rd | N26: -1.4231 | O26: -0.046848 | P26: -0.00015869 | Q26: -1.3568e-07
A27: pd_r063d | B27: =VLOOKUP(A27,[2]usmn_ana14_pd!$A$2:$B$119,2,FALSE) -> 153.98864 | C27: =_xlfn.XLOOKUP($A27,[1]usmn_pd!$A$2:$A$118,[1]usmn_pd!$D$2:$D$118,"n/a",0,1)/1000 -> 110.37268 | D27: -0.1325276 | F27: =_xlfn.XLOOKUP($A27,[1]usmn_pd!$A$2:$A$118,[1]usmn_pd!$F$2:$F$118,"N/A",0,1) -> 8.4759196 | G27: =F27-($F$26-$F$105)/($C$26*1000-$C$105*1000)*($C27*1000-$C$105*1000)-$F$105 -> -0.079250114 | H27: =G27+($D$26-$D$105)/($C$26*1000-$C$105*1000)*($C27*1000-$C$105*1000)+$D$105 -> -0.10620734 | I27: =$D27-VLOOKUP($A27,[1]usmn_pd!$A$2:$F$118,6,FALSE) -> -8.6084472 | J27: =$Q$2*$C27^3+$P$2*$C27^2+$O$2*$C27+$N$2 -> -8.7094531 | K27: =(I27-J27)^2 -> 0.010202193 | L27: =K27/J27 -> -0.001171393
A28: pd_c1u | B28: =VLOOKUP(A28,[2]usmn_ana14_pd!$A$2:$B$119,2,FALSE) -> 156.54551 | C28: =_xlfn.XLOOKUP($A28,[1]usmn_pd!$A$2:$A$118,[1]usmn_pd!$D$2:$D$118,"n/a",0,1)/1000 -> 107.81579 | D28: -0.30836283 | F28: =_xlfn.XLOOKUP($A28,[1]usmn_pd!$A$2:$A$118,[1]usmn_pd!$F$2:$F$118,"N/A",0,1) -> 7.9798248 | G28: =F28-($F$26-$F$105)/($C$26*1000-$C$105*1000)*($C28*1000-$C$105*1000)-$F$105 -> -0.522873 | H28: =G28+($D$26-$D$105)/($C$26*1000-$C$105*1000)*($C28*1000-$C$105*1000)+$D$105 -> -0.54899562 | I28: =$D28-VLOOKUP($A28,[1]usmn_pd!$A$2:$F$118,6,FALSE) -> -8.2881876 | J28: =$Q$2*$C28^3+$P$2*$C28^2+$O$2*$C28+$N$2 -> -8.4887504 | K28: =(I28-J28)^2 -> 0.040225427 | L28: =K28/J28 -> -0.0047386747 | N28: PD 傾き [rad] | P28: =ATAN(($D$26-$D$105)/($C$26*1000-$C$105*1000)) -> -3.2641553e-07
A29: pd_c1d | B29: =VLOOKUP(A29,[2]usmn_ana14_pd!$A$2:$B$119,2,FALSE) -> 165.26052 | C29: =_xlfn.XLOOKUP($A29,[1]usmn_pd!$A$2:$A$118,[1]usmn_pd!$D$2:$D$118,"n/a",0,1)/1000 -> 99.100726 | D29: -0.29240465 | F29: =_xlfn.XLOOKUP($A29,[1]usmn_pd!$A$2:$A$118,[1]usmn_pd!$F$2:$F$118,"N/A",0,1) -> 7.1568697 | G29: =F29-($F$26-$F$105)/($C$26*1000-$C$105*1000)*($C29*1000-$C$105*1000)-$F$105 -> -1.1669793 | H29: =G29+($D$26-$D$105)/($C$26*1000-$C$105*1000)*($C29*1000-$C$105*1000)+$D$105 -> -1.1902572 | I29: =$D29-VLOOKUP($A29,[1]usmn_pd!$A$2:$F$118,6,FALSE) -> -7.4492743 | J29: =$Q$2*$C29^3+$P$2*$C29^2+$O$2*$C29+$N$2 -> -7.7563104 | K29: =(I29-J29)^2 -> 0.09427116 | L29: =K29/J29 -> -0.012154124 | N29: LT 傾き [rad] | P29: =ATAN(($F$26-$F$105)/($C$26*1000-$C$105*1000)) -> 2.0521794e-05
A30: pd_c2u | B30: =VLOOKUP(A30,[2]usmn_ana14_pd!$A$2:$B$119,2,FALSE) -> 166.14232 | C30: =_xlfn.XLOOKUP($A30,[1]usmn_pd!$A$2:$A$118,[1]usmn_pd!$D$2:$D$118,"n/a",0,1)/1000 -> 98.21896 | D30: -0.33990307 | F30: =_xlfn.XLOOKUP($A30,[1]usmn_pd!$A$2:$A$118,[1]usmn_pd!$F$2:$F$118,"N/A",0,1) -> 7.7999047 | G30: =F30-($F$26-$F$105)/($C$26*1000-$C$105*1000)*($C30*1000-$C$105*1000)-$F$105 -> -0.50584884 | H30: =G30+($D$26-$D$105)/($C$26*1000-$C$105*1000)*($C30*1000-$C$105*1000)+$D$105 -> -0.52883891 | I30: =$D30-VLOOKUP($A30,[1]usmn_pd!$A$2:$F$118,6,FALSE) -> -8.1398078 | J30: =$Q$2*$C30^3+$P$2*$C30^2+$O$2*$C30+$N$2 -> -7.6838974 | K30: =(I30-J30)^2 -> 0.2078543 | L30: =K30/J30 -> -0.027050635
A31: pd_c2d | B31: =VLOOKUP(A31,[2]usmn_ana14_pd!$A$2:$B$119,2,FALSE) -> 174.85891 | C31: =_xlfn.XLOOKUP($A31,[1]usmn_pd!$A$2:$A$118,[1]usmn_pd!$D$2:$D$118,"n/a",0,1)/1000 -> 89.502262 | D31: -0.33030504 | F31: =_xlfn.XLOOKUP($A31,[1]usmn_pd!$A$2:$A$118,[1]usmn_pd!$F$2:$F$118,"N/A",0,1) -> 6.7852867 | G31: =F31-($F$26-$F$105)/($C$26*1000-$C$105*1000)*($C31*1000-$C$105*1000)-$F$105 -> -1.3415846 | H31: =G31+($D$26-$D$105)/($C$26*1000-$C$105*1000)*($C31*1000-$C$105*1000)+$D$105 -> -1.3617294 | I31: =$D31-VLOOKUP($A31,[1]usmn_pd!$A$2:$F$118,6,FALSE) -> -7.1155917 | J31: =$Q$2*$C31^3+$P$2*$C31^2+$O$2*$C31+$N$2 -> -6.9845915 | K31: =(I31-J31)^2 -> 0.017161052 | L31: =K31/J31 -> -0.0024569872
A32: pd_c3u | B32: =VLOOKUP(A32,[2]usmn_ana14_pd!$A$2:$B$119,2,FALSE) -> 175.74262 | C32: =_xlfn.XLOOKUP($A32,[1]usmn_pd!$A$2:$A$118,[1]usmn_pd!$D$2:$D$118,"n/a",0,1)/1000 -> 88.618732 | D32: -0.57464007 | F32: =_xlfn.XLOOKUP($A32,[1]usmn_pd!$A$2:$A$118,[1]usmn_pd!$F$2:$F$118,"N/A",0,1) -> 6.6921719 | G32: =F32-($F$26-$F$105)/($C$26*1000-$C$105*1000)*($C32*1000-$C$105*1000)-$F$105 -> -1.4165678 | H32: =G32+($D$26-$D$105)/($C$26*1000-$C$105*1000)*($C32*1000-$C$105*1000)+$D$105 -> -1.4364242 | I32: =$D32-VLOOKUP($A32,[1]usmn_pd!$A$2:$F$118,6,FALSE) -> -7.2668119 | J32: =$Q$2*$C32^3+$P$2*$C32^2+$O$2*$C32+$N$2 -> -6.9153735 | K32: =(I32-J32)^2 -> 0.12350899 | L32: =K32/J32 -> -0.01786006
A33: pd_c4u | B33: =VLOOKUP(A33,[2]usmn_ana14_pd!$A$2:$B$119,2,FALSE) -> 185.33916 | C33: =_xlfn.XLOOKUP($A33,[1]usmn_pd!$A$2:$A$118,[1]usmn_pd!$D$2:$D$118,"n/a",0,1)/1000 -> 79.022111 | D33: -0.42151247 | F33: =_xlfn.XLOOKUP($A33,[1]usmn_pd!$A$2:$A$118,[1]usmn_pd!$F$2:$F$118,"N/A",0,1) -> 5.6420026 | G33: =F33-($F$26-$F$105)/($C$26*1000-$C$105*1000)*($C33*1000-$C$105*1000)-$F$105 -> -2.2697972 | H33: =G33+($D$26-$D$105)/($C$26*1000-$C$105*1000)*($C33*1000-$C$105*1000)+$D$105 -> -2.2865211 | I33: =$D33-VLOOKUP($A33,[1]usmn_pd!$A$2:$F$118,6,FALSE) -> -6.063515 | J33: =$Q$2*$C33^3+$P$2*$C33^2+$O$2*$C33+$N$2 -> -6.1830183 | K33: =(I33-J33)^2 -> 0.014281036 | L33: =K33/J33 -> -0.0023097192
A34: pd_c4d | B34: =VLOOKUP(A34,[2]usmn_ana14_pd!$A$2:$B$119,2,FALSE) -> 194.05496 | C34: =_xlfn.XLOOKUP($A34,[1]usmn_pd!$A$2:$A$118,[1]usmn_pd!$D$2:$D$118,"n/a",0,1)/1000 -> 70.306214 | D34: -0.55073983 | F34: =_xlfn.XLOOKUP($A34,[1]usmn_pd!$A$2:$A$118,[1]usmn_pd!$F$2:$F$118,"N/A",0,1) -> 4.9493897 | G34: =F34-($F$26-$F$105)/($C$26*1000-$C$105*1000)*($C34*1000-$C$105*1000)-$F$105 -> -2.7835443 | H34: =G34+($D$26-$D$105)/($C$26*1000-$C$105*1000)*($C34*1000-$C$105*1000)+$D$105 -> -2.7974232 | I34: =$D34-VLOOKUP($A34,[1]usmn_pd!$A$2:$F$118,6,FALSE) -> -5.5001295 | J34: =$Q$2*$C34^3+$P$2*$C34^2+$O$2*$C34+$N$2 -> -5.5483561 | K34: =(I34-J34)^2 -> 0.0023258019 | L34: =K34/J34 -> -0.00041918757
A35: pd_c5u | B35: =VLOOKUP(A35,[2]usmn_ana14_pd!$A$2:$B$119,2,FALSE) -> 194.94342 | C35: =_xlfn.XLOOKUP($A35,[1]usmn_pd!$A$2:$A$118,[1]usmn_pd!$D$2:$D$118,"n/a",0,1)/1000 -> 69.417902 | D35: -0.61277711 | F35: =_xlfn.XLOOKUP($A35,[1]usmn_pd!$A$2:$A$118,[1]usmn_pd!$F$2:$F$118,"N/A",0,1) -> 5.0002632 | G35: =F35-($F$26-$F$105)/($C$26*1000-$C$105*1000)*($C35*1000-$C$105*1000)-$F$105 -> -2.7144409 | H35: =G35+($D$26-$D$105)/($C$26*1000-$C$105*1000)*($C35*1000-$C$105*1000)+$D$105 -> -2.7280299 | I35: =$D35-VLOOKUP($A35,[1]usmn_pd!$A$2:$F$118,6,FALSE) -> -5.6130403 | J35: =$Q$2*$C35^3+$P$2*$C35^2+$O$2*$C35+$N$2 -> -5.4852793 | K35: =(I35-J35)^2 -> 0.016322887 | L35: =K35/J35 -> -0.0029757622
A36: pd_c5d | B36: =VLOOKUP(A36,[2]usmn_ana14_pd!$A$2:$B$119,2,FALSE) -> 203.65968 | C36: =_xlfn.XLOOKUP($A36,[1]usmn_pd!$A$2:$A$118,[1]usmn_pd!$D$2:$D$118,"n/a",0,1)/1000 -> 60.701588 | D36: -0.7320621 | F36: =_xlfn.XLOOKUP($A36,[1]usmn_pd!$A$2:$A$118,[1]usmn_pd!$F$2:$F$118,"N/A",0,1) -> 4.5463959 | G36: =F36-($F$26-$F$105)/($C$26*1000-$C$105*1000)*($C36*1000-$C$105*1000)-$F$105 -> -2.9894339 | H36: =G36+($D$26-$D$105)/($C$26*1000-$C$105*1000)*($C36*1000-$C$105*1000)+$D$105 -> -3.0001777 | I36: =$D36-VLOOKUP($A36,[1]usmn_pd!$A$2:$F$118,6,FALSE) -> -5.2784579 | J36: =$Q$2*$C36^3+$P$2*$C36^2+$O$2*$C36+$N$2 -> -4.8819173 | K36: =(I36-J36)^2 -> 0.15724445 | L36: =K36/J36 -> -0.032209569
A37: pd_c6u | B37: =VLOOKUP(A37,[2]usmn_ana14_pd!$A$2:$B$119,2,FALSE) -> 204.51867 | C37: =_xlfn.XLOOKUP($A37,[1]usmn_pd!$A$2:$A$118,[1]usmn_pd!$D$2:$D$118,"n/a",0,1)/1000 -> 59.842605 | D37: -0.73649151 | F37: =_xlfn.XLOOKUP($A37,[1]usmn_pd!$A$2:$A$118,[1]usmn_pd!$F$2:$F$118,"N/A",0,1) -> 4.4174911 | G37: =F37-($F$26-$F$105)/($C$26*1000-$C$105*1000)*($C37*1000-$C$105*1000)-$F$105 -> -3.1007108 | H37: =G37+($D$26-$D$105)/($C$26*1000-$C$105*1000)*($C37*1000-$C$105*1000)+$D$105 -> -3.1111742 | I37: =$D37-VLOOKUP($A37,[1]usmn_pd!$A$2:$F$118,6,FALSE) -> -5.1539826 | J37: =$Q$2*$C37^3+$P$2*$C37^2+$O$2*$C37+$N$2 -> -4.8239739 | K37: =(I37-J37)^2 -> 0.10890574 | L37: =K37/J37 -> -0.022575938
A38: pd_c6d | B38: =VLOOKUP(A38,[2]usmn_ana14_pd!$A$2:$B$119,2,FALSE) -> 213.2338 | C38: =_xlfn.XLOOKUP($A38,[1]usmn_pd!$A$2:$A$118,[1]usmn_pd!$D$2:$D$118,"n/a",0,1)/1000 -> 51.127445 | D38: -0.83140313 | F38: =_xlfn.XLOOKUP($A38,[1]usmn_pd!$A$2:$A$118,[1]usmn_pd!$F$2:$F$118,"N/A",0,1) -> 3.3177812 | G38: =F38-($F$26-$F$105)/($C$26*1000-$C$105*1000)*($C38*1000-$C$105*1000)-$F$105 -> -4.02157 | H38: =G38+($D$26-$D$105)/($C$26*1000-$C$105*1000)*($C38*1000-$C$105*1000)+$D$105 -> -4.0291886 | I38: =$D38-VLOOKUP($A38,[1]usmn_pd!$A$2:$F$118,6,FALSE) -> -4.1491843 | J38: =$Q$2*$C38^3+$P$2*$C38^2+$O$2*$C38+$N$2 -> -4.25127 | K38: =(I38-J38)^2 -> 0.010421489 | L38: =K38/J38 -> -0.0024513826
A39: pd_c7u | B39: =VLOOKUP(A39,[2]usmn_ana14_pd!$A$2:$B$119,2,FALSE) -> 214.19955 | C39: =_xlfn.XLOOKUP($A39,[1]usmn_pd!$A$2:$A$118,[1]usmn_pd!$D$2:$D$118,"n/a",0,1)/1000 -> 50.161761 | D39: -0.81204505 | F39: =_xlfn.XLOOKUP($A39,[1]usmn_pd!$A$2:$A$118,[1]usmn_pd!$F$2:$F$118,"N/A",0,1) -> 3.3487413 | G39: =F39-($F$26-$F$105)/($C$26*1000-$C$105*1000)*($C39*1000-$C$105*1000)-$F$105 -> -3.9707924 | H39: =G39+($D$26-$D$105)/($C$26*1000-$C$105*1000)*($C39*1000-$C$105*1000)+$D$105 -> -3.9780958 | I39: =$D39-VLOOKUP($A39,[1]usmn_pd!$A$2:$F$118,6,FALSE) -> -4.1607863 | J39: =$Q$2*$C39^3+$P$2*$C39^2+$O$2*$C39+$N$2 -> -4.1894995 | K39: =(I39-J39)^2 -> 0.00082444556 | L39: =K39/J39 -> -0.00019678856
A40: pd_c7d | B40: =VLOOKUP(A40,[2]usmn_ana14_pd!$A$2:$B$119,2,FALSE) -> 222.91542 | C40: =_xlfn.XLOOKUP($A40,[1]usmn_pd!$A$2:$A$118,[1]usmn_pd!$D$2:$D$118,"n/a",0,1)/1000 -> 41.445857 | D40: -0.67198669 | F40: =_xlfn.XLOOKUP($A40,[1]usmn_pd!$A$2:$A$118,[1]usmn_pd!$F$2:$F$118,"N/A",0,1) -> 2.7508357 | G40: =F40-($F$26-$F$105)/($C$26*1000-$C$105*1000)*($C40*1000-$C$105*1000)-$F$105 -> -4.3898319 | H40: =G40+($D$26-$D$105)/($C$26*1000-$C$105*1000)*($C40*1000-$C$105*1000)+$D$105 -> -4.3942903 | I40: =$D40-VLOOKUP($A40,[1]usmn_pd!$A$2:$F$118,6,FALSE) -> -3.4228224 | J40: =$Q$2*$C40^3+$P$2*$C40^2+$O$2*$C40+$N$2 -> -3.6470063 | K40: =(I40-J40)^2 -> 0.050258412 | L40: =K40/J40 -> -0.013780731
A41: pd_c8u | B41: =VLOOKUP(A41,[2]usmn_ana14_pd!$A$2:$B$119,2,FALSE) -> 228.20102 | C41: =_xlfn.XLOOKUP($A41,[1]usmn_pd!$A$2:$A$118,[1]usmn_pd!$D$2:$D$118,"n/a",0,1)/1000 -> 36.160219 | D41: -1.0751789 | F41: =_xlfn.XLOOKUP($A41,[1]usmn_pd!$A$2:$A$118,[1]usmn_pd!$F$2:$F$118,"N/A",0,1) -> 2.1111619 | G41: =F41-($F$26-$F$105)/($C$26*1000-$C$105*1000)*($C41*1000-$C$105*1000)-$F$105 -> -4.921035 | H41: =G41+($D$26-$D$105)/($C$26*1000-$C$105*1000)*($C41*1000-$C$105*1000)+$D$105 -> -4.9237681 | I41: =$D41-VLOOKUP($A41,[1]usmn_pd!$A$2:$F$118,6,FALSE) -> -3.1863408 | J41: =$Q$2*$C41^3+$P$2*$C41^2+$O$2*$C41+$N$2 -> -3.3310461 | K41: =(I41-J41)^2 -> 0.020939618 | L41: =K41/J41 -> -0.0062861989
... A105: pd_57d | B105: =VLOOKUP(A105,[2]usmn_ana14_pd!$A$2:$B$119,2,FALSE) -> 630.4051 | C105: =_xlfn.XLOOKUP($A105,[1]usmn_pd!$A$2:$A$118,[1]usmn_pd!$D$2:$D$118,"n/a",0,1)/1000 -> -366.04374 | D105: 0.12855249 | F105: =_xlfn.XLOOKUP($A105,[1]usmn_pd!$A$2:$A$118,[1]usmn_pd!$F$2:$F$118,"N/A",0,1) -> -1.2217502 | G105: =F105-($F$26-$F$105)/($C$26*1000-$C$105*1000)*($C105*1000-$C$105*1000)-$F$105 -> 0 | H105: =G105+($D$26-$D$105)/($C$26*1000-$C$105*1000)*($C105*1000-$C$105*1000)+$D$105 -> 0.12855249 | I105: =$D105-VLOOKUP($A105,[1]usmn_pd!$A$2:$F$118,6,FALSE) -> 1.3503027 | J105: =$Q$2*$C105^3+$P$2*$C105^2+$O$2*$C105+$N$2 -> 1.1172484 | K105: =(I105-J105)^2 -> 0.054314276 | L105: =K105/J105 -> 0.048614323
C107: 124.105 | J107: =$Q$2*$C107^3+$P$2*$C107^2+$O$2*$C107+$N$2 -> -9.940671
C108: =C107-1 -> 123.105 | J108: =$Q$2*$C108^3+$P$2*$C108^2+$O$2*$C108+$N$2 -> -9.8483744
C109: =C108-1 -> 122.105 | J109: =$Q$2*$C109^3+$P$2*$C109^2+$O$2*$C109+$N$2 -> -9.7564953
C110: =C109-1 -> 121.105 | J110: =$Q$2*$C110^3+$P$2*$C110^2+$O$2*$C110+$N$2 -> -9.6650331
C111: =C110-1 -> 120.105 | J111: =$Q$2*$C111^3+$P$2*$C111^2+$O$2*$C111+$N$2 -> -9.5739868
C112: =C111-1 -> 119.105 | J112: =$Q$2*$C112^3+$P$2*$C112^2+$O$2*$C112+$N$2 -> -9.4833557
C113: =C112-1 -> 118.105 | J113: =$Q$2*$C113^3+$P$2*$C113^2+$O$2*$C113+$N$2 -> -9.3931389
C114: =C113-1 -> 117.105 | J114: =$Q$2*$C114^3+$P$2*$C114^2+$O$2*$C114+$N$2 -> -9.3033356
C115: =C114-1 -> 116.105 | J115: =$Q$2*$C115^3+$P$2*$C115^2+$O$2*$C115+$N$2 -> -9.2139451
C116: =C115-1 -> 115.105 | J116: =$Q$2*$C116^3+$P$2*$C116^2+$O$2*$C116+$N$2 -> -9.1249665
C117: =C116-1 -> 114.105 | J117: =$Q$2*$C117^3+$P$2*$C117^2+$O$2*$C117+$N$2 -> -9.0363989
C118: =C117-1 -> 113.105 | J118: =$Q$2*$C118^3+$P$2*$C118^2+$O$2*$C118+$N$2 -> -8.9482416
C119: =C118-1 -> 112.105 | J119: =$Q$2*$C119^3+$P$2*$C119^2+$O$2*$C119+$N$2 -> -8.8604938
... C632: =C631-1 -> -400.895 | J632: =$Q$2*$C632^3+$P$2*$C632^2+$O$2*$C632+$N$2 -> 0.59581845

Sheet survey_data
A1: Point Name | B1: x [mm] | C1: y [mm] | D1: z [mm] | E1: Ux [mm] | F1: Uy [mm] | G1: Uz [mm]
A2: a16_12g | B2: -15476.493 | C2: -14406.92 | D2: -596.67609 | E2: 0.19341636 | F2: 0.02168505 | G2: 0.03294449
A3: a16_14g | B3: -15476.334 | C3: -15445.313 | D3: -596.24402 | E3: 0.19620559 | F3: 0.01928458 | G3: 0.03107999
A4: a16_15g | B4: -15476.286 | C4: -15969.994 | D4: -596.40084 | E4: 0.19560848 | F4: 0.01770398 | G4: 0.02979327
A5: a16_21g | B5: -15476.188 | C5: -16507.223 | D5: -596.48096 | E5: 0.1943626 | F5: 0.01736329 | G5: 0.02939205
A6: a16_22g | B6: -15476.16 | C6: -17007.198 | D6: -596.50776 | E6: 0.19538823 | F6: 0.01696465 | G6: 0.02797511
A7: a16_24g | B7: -15476.051 | C7: -18044.941 | D7: -596.18784 | E7: 0.19496094 | F7: 0.01713386 | G7: 0.02864317
A8: a16_25g | B8: -15475.903 | C8: -18570.061 | D8: -596.47657 | E8: 0.19731869 | F8: 0.01833388 | G8: 0.02798386
A9: a16_31g | B9: -15475.893 | C9: -19107.335 | D9: -596.38323 | E9: 0.19634192 | F9: 0.01928613 | G9: 0.0287664
A10: a16_32g | B10: -15475.81 | C10: -19606.908 | D10: -596.45465 | E10: 0.19725374 | F10: 0.02012663 | G10: 0.02793912
A11: a16_34g | B11: -15475.699 | C11: -20632.051 | D11: -596.28949 | E11: 0.1971772 | F11: 0.02315026 | G11: 0.03253108
A12: a16_35g | B12: -15475.674 | C12: -21182.557 | D12: -596.53514 | E12: 0.19716859 | F12: 0.02255079 | G12: 0.03070053
A13: a16_41g | B13: -15475.588 | C13: -21694.808 | D13: -597.10424 | E13: 0.19798699 | F13: 0.02196232 | G13: 0.03263612
... A833: sl_16_35d | B833: -14996.445 | C833: -21197.253 | D833: 50.27695 | E833: 0.19734692 | F833: 0.02242646 | G833: 0.0300967

Sheet lattice
A1: regend :
C2: a : acceleration tubes | D2: d : designed or calculated | E2: a : active flag
C3: f : fiducial points | D3: s : surveyed
C4: m : magnets
C5: d : diagnostics
C6: v : vacuum components
C7: g : gun
C8: s : solenoid
C9: sa : solenoid on acceleration tube
A12: beam_source | B12: segment_name | C12: inst_type | D12: d/s | F12: point_name | G12: element_name | H12: element_type | I12: s [m] | J12: xd [mm] | K12: yd [mm] | L12: zd [mm] | M12: xs [mm] | N12: ys [mm] | O12: zs [mm] | P12: zs' [mm] | Q12: Δx [mm] | R12: Δy [mm] | S12: Δz [mm] | T12: Δz' [mm] | U12: x' [rad] | V12: y' [rad] | W12: z' [rad] | X12: drift [mm] | Y12: element_length [mm] | Z12: center-to-center_length [mm] | AA12: effective_length [m] | AB12: bore_dia [mm] | AC12: aperture [mm] | AD12: Remarks
A13: AS | B13: A | C13: g | D13: d | E13: a | F13: gr_as | G13: gr_as | I13: =_xlfn.XLOOKUP($F13,設計座標!$E$13:$E$2301,設計座標!$G$13:$G$2301,"n/a",0,1) -> -4.3755336 | J13: =_xlfn.XLOOKUP($F13,設計座標!$E$13:$E$2301,設計座標!$H$13:$H$2301,"n/a",0,1) -> -3513.6945 | K13: =_xlfn.XLOOKUP($F13,設計座標!$E$13:$E$2301,設計座標!$I$13:$I$2301,"n/a",0,1) -> -9209.3249 | L13: =_xlfn.XLOOKUP($F13,設計座標!$E$13:$E$2301,設計座標!$J$13:$J$2301,"n/a",0,1) -> -270 | M13: =J13 -> -3513.6945 | N13: =K13 -> -9209.3249 | O13: =L13 -> -270 | P13: =$L13+$T13 -> -269.06959 | Q13: =$M13-$J13 -> 0 | R13: =$N13-$K13 -> 0 | S13: =$O13-$L13 -> 0 | T13: =$S13+測地線補正!$Q$3*(lattice!$N13/1000)^3+測地線補正!$P$3*(lattice!$N13/1000)^2+測地線補正!$O$3*(lattice!$N13/1000)+測地線補正!$N$3 -> 0.9304078 | U13: 0 | V13: 0 | W13: 0 | X13: 0 | Y13: =_xlfn.XLOOKUP($F13,設計座標!$E$13:$E$2301,設計座標!$L$13:$L$2301," ",0,1) -> 0 | Z13: 0
A14: AS | B14: A | C14: s | D14: d | E14: a | F14: sx_as_1c | G14: sx_as_1 | I14: =_xlfn.XLOOKUP($F14,設計座標!$E$13:$E$2301,設計座標!$G$13:$G$2301,"n/a",0,1) -> -3.8115152 | J14: =_xlfn.XLOOKUP($F14,設計座標!$E$13:$E$2301,設計座標!$H$13:$H$2301,"n/a",0,1) -> -2949.6761 | K14: =_xlfn.XLOOKUP($F14,設計座標!$E$13:$E$2301,設計座標!$I$13:$I$2301,"n/a",0,1) -> -9209.3249 | L14: =_xlfn.XLOOKUP($F14,設計座標!$E$13:$E$2301,設計座標!$J$13:$J$2301,"n/a",0,1) -> -160 | M14: =J14 -> -2949.6761 | N14: =K14 -> -9209.3249 | O14: =L14 -> -160 | P14: =$L14+$T14 -> -159.06959 | Q14: =$M14-$J14 -> 0 | R14: =$N14-$K14 -> 0 | S14: =$O14-$L14 -> 0 | T14: =$S14+測地線補正!$Q$3*(lattice!$N14/1000)^3+測地線補正!$P$3*(lattice!$N14/1000)^2+測地線補正!$O$3*(lattice!$N14/1000)+測地線補正!$N$3 -> 0.9304078 | U14: 0 | V14: 0 | W14: 0 | X14: =$Z$14-($Y$14+$Y$13)/2 -> 560.0184 | Y14: =_xlfn.XLOOKUP($F14,設計座標!$E$13:$E$2301,設計座標!$L$13:$L$2301," ",0,1) -> 68 | Z14: 594.0184 | AA14: =_xlfn.XLOOKUP($G14,magnet_list!$A$2:$A$592,magnet_list!$AJ$2:$AJ$592,"n/a",0,1) -> 0.080397 | AB14: =_xlfn.XLOOKUP($G14,magnet_list!$A$2:$A$592,magnet_list!$L$2:$L$592,"n/a",0,1) -> 80
A15: AS | B15: A | C15: s | D15: d | E15: a | F15: sy_as_1c | G15: sy_as_1 | I15: =_xlfn.XLOOKUP($F15,設計座標!$E$13:$E$2301,設計座標!$G$13:$G$2301,"n/a",0,1) -> -3.8115152 | J15: =_xlfn.XLOOKUP($F15,設計座標!$E$13:$E$2301,設計座標!$H$13:$H$2301,"n/a",0,1) -> -2949.6761 | K15: =_xlfn.XLOOKUP($F15,設計座標!$E$13:$E$2301,設計座標!$I$13:$I$2301,"n/a",0,1) -> -9209.3249 | L15: =_xlfn.XLOOKUP($F15,設計座標!$E$13:$E$2301,設計座標!$J$13:$J$2301,"n/a",0,1) -> -160 | M15: =J15 -> -2949.6761 | N15: =K15 -> -9209.3249 | O15: =L15 -> -160 | P15: =$L15+$T15 -> -159.06959 | Q15: =$M15-$J15 -> 0 | R15: =$N15-$K15 -> 0 | S15: =$O15-$L15 -> 0 | T15: =$S15+測地線補正!$Q$3*(lattice!$N15/1000)^3+測地線補正!$P$3*(lattice!$N15/1000)^2+測地線補正!$O$3*(lattice!$N15/1000)+測地線補正!$N$3 -> 0.9304078 | U15: 0 | V15: 0 | W15: 0 | X15: =$Z$14-($Y$14+$Y$13)/2 -> 560.0184 | Y15: =_xlfn.XLOOKUP($F15,設計座標!$E$13:$E$2301,設計座標!$L$13:$L$2301," ",0,1) -> 68 | Z15: 594.0184 | AA15: =_xlfn.XLOOKUP($G15,magnet_list!$A$2:$A$592,magnet_list!$AJ$2:$AJ$592,"n/a",0,1) -> 0.080397 | AB15: =_xlfn.XLOOKUP($G15,magnet_list!$A$2:$A$592,magnet_list!$L$2:$L$592,"n/a",0,1) -> 80
A16: AS | B16: A | C16: d | D16: d | E16: a | F16: sc_as_0 | G16: sc_as_0 | I16: =_xlfn.XLOOKUP($F16,設計座標!$E$13:$E$2301,設計座標!$G$13:$G$2301,"n/a",0,1) -> -3.4624152 | J16: =_xlfn.XLOOKUP($F16,設計座標!$E$13:$E$2301,設計座標!$H$13:$H$2301,"n/a",0,1) -> -2600.5761 | K16: =_xlfn.XLOOKUP($F16,設計座標!$E$13:$E$2301,設計座標!$I$13:$I$2301,"n/a",0,1) -> -9209.3249 | L16: =_xlfn.XLOOKUP($F16,設計座標!$E$13:$E$2301,設計座標!$J$13:$J$2301,"n/a",0,1) -> -270 | M16: =J16 -> -2600.5761 | N16: =K16 -> -9209.3249 | O16: =L16 -> -270 | P16: =$L16+$T16 -> -269.06959 | Q16: =$M16-$J16 -> 0 | R16: =$N16-$K16 -> 0 | S16: =$O16-$L16 -> 0 | T16: =$S16+測地線補正!$Q$3*(lattice!$N16/1000)^3+測地線補正!$P$3*(lattice!$N16/1000)^2+測地線補正!$O$3*(lattice!$N16/1000)+測地線補正!$N$3 -> 0.9304078 | U16: 0 | V16: 0 | W16: 0 | X16: =$Z$16-($Y$16+$Y$15)/2 -> 315.1 | Y16: =_xlfn.XLOOKUP($F16,設計座標!$E$13:$E$2301,設計座標!$L$13:$L$2301," ",0,1) -> 0 | Z16: =SQRT(($M$16-$M$15)^2+($N$16-$N$15)^2) -> 349.1
A17: AS | B17: A | C17: d | D17: d | E17: a | F17: sp_as_1 | G17: sp_as_1 | I17: =_xlfn.XLOOKUP($F17,設計座標!$E$13:$E$2301,設計座標!$G$13:$G$2301,"n/a",0,1) -> -3.3559152 | J17: =_xlfn.XLOOKUP($F17,設計座標!$E$13:$E$2301,設計座標!$H$13:$H$2301,"n/a",0,1) -> -2494.0761 | K17: =_xlfn.XLOOKUP($F17,設計座標!$E$13:$E$2301,設計座標!$I$13:$I$2301,"n/a",0,1) -> -9209.3249 | L17: =_xlfn.XLOOKUP($F17,設計座標!$E$13:$E$2301,設計座標!$J$13:$J$2301,"n/a",0,1) -> -270 | M17: =J17 -> -2494.0761 | N17: =K17 -> -9209.3249 | O17: =L17 -> -270 | P17: =$L17+$T17 -> -269.06959 | Q17: =$M17-$J17 -> 0 | R17: =$N17-$K17 -> 0 | S17: =$O17-$L17 -> 0 | T17: =$S17+測地線補正!$Q$3*(lattice!$N17/1000)^3+測地線補正!$P$3*(lattice!$N17/1000)^2+測地線補正!$O$3*(lattice!$N17/1000)+測地線補正!$N$3 -> 0.9304078 | U17: 0 | V17: 0 | W17: 0 | X17: =$Z$17-($Y$17+$Y$16)/2 -> 106.5 | Y17: =_xlfn.XLOOKUP($F17,設計座標!$E$13:$E$2301,設計座標!$L$13:$L$2301," ",0,1) -> 0 | Z17: =SQRT(($M$17-$M$16)^2+($N$17-$N$16)^2) -> 106.5
A18: AS | B18: A | C18: m | D18: d | E18: a | F18: qf_as_1c | G18: qf_as_1 | I18: =_xlfn.XLOOKUP($F18,設計座標!$E$13:$E$2301,設計座標!$G$13:$G$2301,"n/a",0,1) -> -3.2999152 | J18: =_xlfn.XLOOKUP($F18,設計座標!$E$13:$E$2301,設計座標!$H$13:$H$2301,"n/a",0,1) -> -2438.0761 | K18: =_xlfn.XLOOKUP($F18,設計座標!$E$13:$E$2301,設計座標!$I$13:$I$2301,"n/a",0,1) -> -9209.3249 | L18: =_xlfn.XLOOKUP($F18,設計座標!$E$13:$E$2301,設計座標!$J$13:$J$2301,"n/a",0,1) -> -125 | M18: =J18 -> -2438.0761 | N18: =K18 -> -9209.3249 | O18: =L18 -> -125 | P18: =$L18+$T18 -> -124.06959 | Q18: =$M18-$J18 -> 0 | R18: =$N18-$K18 -> 0 | S18: =$O18-$L18 -> 0 | T18: =$S18+測地線補正!$Q$3*(lattice!$N18/1000)^3+測地線補正!$P$3*(lattice!$N18/1000)^2+測地線補正!$O$3*(lattice!$N18/1000)+測地線補正!$N$3 -> 0.9304078 | U18: 0 | V18: 0 | W18: 0 | X18: =$Z$18-($Y$18+$Y$17)/2 -> 31 | Y18: =_xlfn.XLOOKUP($F18,設計座標!$E$13:$E$2301,設計座標!$L$13:$L$2301," ",0,1) -> 50 | Z18: =SQRT(($M$18-$M$17)^2+($N$18-$N$17)^2) -> 56 | AA18: =_xlfn.XLOOKUP($G18,magnet_list!$A$2:$A$592,magnet_list!$AJ$2:$AJ$592,"n/a",0,1) -> 0.074785 | AB18: =_xlfn.XLOOKUP($G18,magnet_list!$A$2:$A$592,magnet_list!$L$2:$L$592,"n/a",0,1) -> 44
A19: AS | B19: A | C19: m | D19: d | E19: a | F19: qd_as_1c | G19: qd_as_1 | I19: =_xlfn.XLOOKUP($F19,設計座標!$E$13:$E$2301,設計座標!$G$13:$G$2301,"n/a",0,1) -> -3.1499152 | J19: =_xlfn.XLOOKUP($F19,設計座標!$E$13:$E$2301,設計座標!$H$13:$H$2301,"n/a",0,1) -> -2288.0761 | K19: =_xlfn.XLOOKUP($F19,設計座標!$E$13:$E$2301,設計座標!$I$13:$I$2301,"n/a",0,1) -> -9209.3249 | L19: =_xlfn.XLOOKUP($F19,設計座標!$E$13:$E$2301,設計座標!$J$13:$J$2301,"n/a",0,1) -> -125 | M19: =J19 -> -2288.0761 | N19: =K19 -> -9209.3249 | O19: =L19 -> -125 | P19: =$L19+$T19 -> -124.06959 | Q19: =$M19-$J19 -> 0 | R19: =$N19-$K19 -> 0 | S19: =$O19-$L19 -> 0 | T19: =$S19+測地線補正!$Q$3*(lattice!$N19/1000)^3+測地線補正!$P$3*(lattice!$N19/1000)^2+測地線補正!$O$3*(lattice!$N19/1000)+測地線補正!$N$3 -> 0.9304078 | U19: 0 | V19: 0 | W19: 0 | X19: =$Z$19-($Y$19+$Y$18)/2 -> 100 | Y19: =_xlfn.XLOOKUP($F19,設計座標!$E$13:$E$2301,設計座標!$L$13:$L$2301," ",0,1) -> 50 | Z19: =SQRT(($M$19-$M$18)^2+($N$19-$N$18)^2) -> 150 | AA19: =_xlfn.XLOOKUP($G19,magnet_list!$A$2:$A$592,magnet_list!$AJ$2:$AJ$592,"n/a",0,1) -> 0.074785 | AB19: =_xlfn.XLOOKUP($G19,magnet_list!$A$2:$A$592,magnet_list!$L$2:$L$592,"n/a",0,1) -> 44
A20: AS | B20: A | C20: s | D20: d | E20: a | F20: sx_as_2c | G20: sx_as_2 | I20: =_xlfn.XLOOKUP($F20,設計座標!$E$13:$E$2301,設計座標!$G$13:$G$2301,"n/a",0,1) -> -2.9909152 | J20: =_xlfn.XLOOKUP($F20,設計座標!$E$13:$E$2301,設計座標!$H$13:$H$2301,"n/a",0,1) -> -2129.0761 | K20: =_xlfn.XLOOKUP($F20,設計座標!$E$13:$E$2301,設計座標!$I$13:$I$2301,"n/a",0,1) -> -9209.3249 | L20: =_xlfn.XLOOKUP($F20,設計座標!$E$13:$E$2301,設計座標!$J$13:$J$2301,"n/a",0,1) -> -160 | M20: =J20 -> -2129.0761 | N20: =K20 -> -9209.3249 | O20: =L20 -> -160 | P20: =$L20+$T20 -> -159.06959 | Q20: =$M20-$J20 -> 0 | R20: =$N20-$K20 -> 0 | S20: =$O20-$L20 -> 0 | T20: =$S20+測地線補正!$Q$3*(lattice!$N20/1000)^3+測地線補正!$P$3*(lattice!$N20/1000)^2+測地線補正!$O$3*(lattice!$N20/1000)+測地線補正!$N$3 -> 0.9304078 | U20: 0 | V20: 0 | W20: 0 | X20: =$Z$20-($Y$20+$Y$19)/2 -> 100 | Y20: =_xlfn.XLOOKUP($F20,設計座標!$E$13:$E$2301,設計座標!$L$13:$L$2301," ",0,1) -> 68 | Z20: =SQRT(($M$20-$M$19)^2+($N$20-$N$19)^2) -> 159 | AA20: =_xlfn.XLOOKUP($G20,magnet_list!$A$2:$A$592,magnet_list!$AJ$2:$AJ$592,"n/a",0,1) -> 0.080397 | AB20: =_xlfn.XLOOKUP($G20,magnet_list!$A$2:$A$592,magnet_list!$L$2:$L$592,"n/a",0,1) -> 80
A21: AS | B21: A | C21: s | D21: d | E21: a | F21: sy_as_2c | G21: sy_as_2 | I21: =_xlfn.XLOOKUP($F21,設計座標!$E$13:$E$2301,設計座標!$G$13:$G$2301,"n/a",0,1) -> -2.9909152 | J21: =_xlfn.XLOOKUP($F21,設計座標!$E$13:$E$2301,設計座標!$H$13:$H$2301,"n/a",0,1) -> -2129.0761 | K21: =_xlfn.XLOOKUP($F21,設計座標!$E$13:$E$2301,設計座標!$I$13:$I$2301,"n/a",0,1) -> -9209.3249 | L21: =_xlfn.XLOOKUP($F21,設計座標!$E$13:$E$2301,設計座標!$J$13:$J$2301,"n/a",0,1) -> -160 | M21: =J21 -> -2129.0761 | N21: =K21 -> -9209.3249 | O21: =L21 -> -160 | P21: =$L21+$T21 -> -159.06959 | Q21: =$M21-$J21 -> 0 | R21: =$N21-$K21 -> 0 | S21: =$O21-$L21 -> 0 | T21: =$S21+測地線補正!$Q$3*(lattice!$N21/1000)^3+測地線補正!$P$3*(lattice!$N21/1000)^2+測地線補正!$O$3*(lattice!$N21/1000)+測地線補正!$N$3 -> 0.9304078 | U21: 0 | V21: 0 | W21: 0 | X21: =$Z$21-($Y$21+$Y$20)/2 -> 91 | Y21: =_xlfn.XLOOKUP($F21,設計座標!$E$13:$E$2301,設計座標!$L$13:$L$2301," ",0,1) -> 68 | Z21: =SQRT(($M$21-$M$19)^2+($N$21-$N$19)^2) -> 159 | AA21: =_xlfn.XLOOKUP($G21,magnet_list!$A$2:$A$592,magnet_list!$AJ$2:$AJ$592,"n/a",0,1) -> 0.080397 | AB21: =_xlfn.XLOOKUP($G21,magnet_list!$A$2:$A$592,magnet_list!$L$2:$L$592,"n/a",0,1) -> 80
A22: AS | B22: A | C22: m | D22: d | E22: a | F22: bm_as_1c | G22: bm_as_1 | I22: =_xlfn.XLOOKUP($F22,設計座標!$E$13:$E$2301,設計座標!$G$13:$G$2301,"n/a",0,1) -> -2.5606722 | J22: =_xlfn.XLOOKUP($F22,設計座標!$E$13:$E$2301,設計座標!$H$13:$H$2301,"n/a",0,1) -> -1703.8409 | K22: =_xlfn.XLOOKUP($F22,設計座標!$E$13:$E$2301,設計座標!$I$13:$I$2301,"n/a",0,1) -> -9171.2647 | L22: =_xlfn.XLOOKUP($F22,設計座標!$E$13:$E$2301,設計座標!$J$13:$J$2301,"n/a",0,1) -> -125 | M22: =J22 -> -1703.8409 | N22: =K22 -> -9171.2647 | O22: =L22 -> -125 | P22: =$L22+$T22 -> -124.07355 | Q22: =$M22-$J22 -> 0 | R22: =$N22-$K22 -> 0 | S22: =$O22-$L22 -> 0 | T22: =$S22+測地線補正!$Q$3*(lattice!$N22/1000)^3+測地線補正!$P$3*(lattice!$N22/1000)^2+測地線補正!$O$3*(lattice!$N22/1000)+測地線補正!$N$3 -> 0.92644915 | U22: 0 | V22: 0 | W22: 0 | X22: =$Z$22-($Y$22+$Y$21)/2 -> 358.8928 | Y22: =_xlfn.XLOOKUP($F22,設計座標!$E$13:$E$2301,設計座標!$L$13:$L$2301," ",0,1) -> 392.7005 | Z22: =392.8928+392.7005/2 -> 589.24305 | AA22: =_xlfn.XLOOKUP($G22,magnet_list!$A$2:$A$592,magnet_list!$AJ$2:$AJ$592,"n/a",0,1) -> 0.4229 | AB22: =_xlfn.XLOOKUP($G22,magnet_list!$A$2:$A$592,magnet_list!$L$2:$L$592,"n/a",0,1) -> 30 | AD22: arc length = 392.7005
A23: AT | B23: A | C23: d | D23: d | E23: a | F23: sp_at_0 | G23: sp_at_0 | I23: =_xlfn.XLOOKUP($F23,設計座標!$E$13:$E$2301,設計座標!$G$13:$G$2301,"n/a",0,1) -> -2.6197772 | J23: =_xlfn.XLOOKUP($F23,設計座標!$E$13:$E$2301,設計座標!$H$13:$H$2301,"n/a",0,1) -> 0 | K23: =_xlfn.XLOOKUP($F23,設計座標!$E$13:$E$2301,設計座標!$I$13:$I$2301,"n/a",0,1) -> -9862.4183 | L23: =_xlfn.XLOOKUP($F23,設計座標!$E$13:$E$2301,設計座標!$J$13:$J$2301,"n/a",0,1) -> 480 | M23: =$J23+$Q23 -> 0.17967065 | N23: =K23 -> -9862.4183 | O23: =$L23+$S23 -> 477.32357 | P23: =$L23+$T23 -> 478.32222 | Q23: =(Q$28-Q$25)/($N$28-$N$25)*($N23-$N$25)+Q$25 -> 0.17967065 | R23: =$N23-$K23 -> 0 | S23: =(S$28-S$25)/($N$28-$N$25)*($N23-$N$25)+S$25 -> -2.6764294 | T23: =$S23+測地線補正!$Q$3*(lattice!$N23/1000)^3+測地線補正!$P$3*(lattice!$N23/1000)^2+測地線補正!$O$3*(lattice!$N23/1000)+測地線補正!$N$3 -> -1.6777826 | U23: 0 | V23: 0 | W23: 0 | X23: 0 | Y23: =_xlfn.XLOOKUP($F23,設計座標!$E$13:$E$2301,設計座標!$L$13:$L$2301," ",0,1) -> 0 | Z23: 0
A24: AT | B24: A | C24: m | D24: d | E24: a | F24: qd_at_01c | G24: qd_at_01 | I24: =_xlfn.XLOOKUP($F24,設計座標!$E$13:$E$2301,設計座標!$G$13:$G$2301,"n/a",0,1) -> -2.5382772 | J24: =_xlfn.XLOOKUP($F24,設計座標!$E$13:$E$2301,設計座標!$H$13:$H$2301,"n/a",0,1) -> 0 | K24: =_xlfn.XLOOKUP($F24,設計座標!$E$13:$E$2301,設計座標!$I$13:$I$2301,"n/a",0,1) -> -9780.9183 | L24: =_xlfn.XLOOKUP($F24,設計座標!$E$13:$E$2301,設計座標!$J$13:$J$2301,"n/a",0,1) -> 642 | M24: =$J24+$Q24 -> 0.17025481 | N24: =K24 -> -9780.9183 | O24: =$L24+$S24 -> 639.31588 | P24: =$L24+$T24 -> 640.30598 | Q24: =(Q$28-Q$25)/($N$28-$N$25)*($N24-$N$25)+Q$25 -> 0.17025481 | R24: =$N24-$K24 -> 0 | S24: =(S$28-S$25)/($N$28-$N$25)*($N24-$N$25)+S$25 -> -2.6841229 | T24: =$S24+測地線補正!$Q$3*(lattice!$N24/1000)^3+測地線補正!$P$3*(lattice!$N24/1000)^2+測地線補正!$O$3*(lattice!$N24/1000)+測地線補正!$N$3 -> -1.6940239 | U24: 0 | V24: 0 | W24: 0 | X24: =$Z$24-($Y$24+$Y$23)/2 -> 56.500001 | Y24: =_xlfn.XLOOKUP($F24,設計座標!$E$13:$E$2301,設計座標!$L$13:$L$2301," ",0,1) -> 50 | Z24: =SQRT(($M$24-$M$23)^2+($N$24-$N$23)^2) -> 81.500001 | AA24: =_xlfn.XLOOKUP($G24,magnet_list!$A$2:$A$592,magnet_list!$AJ$2:$AJ$592,"n/a",0,1) -> 0.0725 | AB24: =_xlfn.XLOOKUP($G24,magnet_list!$A$2:$A$592,magnet_list!$L$2:$L$592,"n/a",0,1) -> 44
A25: AT | B25: A | C25: m | D25: s | F25: qf_at_02 | G25: qf_at_02 | I25: =_xlfn.XLOOKUP($F25,設計座標!$E$13:$E$2301,設計座標!$G$13:$G$2301,"n/a",0,1) -> -2.3932772 | J25: =_xlfn.XLOOKUP($F25,設計座標!$E$13:$E$2301,設計座標!$H$13:$H$2301,"n/a",0,1) -> 0 | K25: =_xlfn.XLOOKUP($F25,設計座標!$E$13:$E$2301,設計座標!$I$13:$I$2301,"n/a",0,1) -> -9635.9183 | L25: =_xlfn.XLOOKUP($F25,設計座標!$E$13:$E$2301,設計座標!$J$13:$J$2301,"n/a",0,1) -> 642 | M25: =_xlfn.XLOOKUP($F25,survey_data!$A$2:$A$833,survey_data!$B$2:$B$833,"n/a",0,1) -> 0.15350271 | N25: =_xlfn.XLOOKUP($F25,survey_data!$A$2:$A$833,survey_data!$C$2:$C$833,"n/a",0,1) -> -9635.9183 | O25: =_xlfn.XLOOKUP($F25,survey_data!$A$2:$A$833,survey_data!$D$2:$D$833,"n/a",0,1) -> 639.30219 | P25: =$L25+$T25 -> 640.2771 | Q25: =$M25-$J25 -> 0.15350271 | R25: =$N25-$K25 -> 0 | S25: =$O25-$L25 -> -2.6978108 | T25: =$S25+測地線補正!$Q$3*(lattice!$N25/1000)^3+測地線補正!$P$3*(lattice!$N25/1000)^2+測地線補正!$O$3*(lattice!$N25/1000)+測地線補正!$N$3 -> -1.7228968 | U25: =ATAN(($P$26-$P$25)/ABS($N$26-$N$25)) -> -0.00019900216 | V25: 0 | W25: =-ATAN(($M$26-$M$25)/ABS($N$26-$N$25)) -> 0.00011553174 | X25: =$Z$26-($Y$26+$Y$24)/2 -> 100.00007 | Y25: =_xlfn.XLOOKUP($F25,設計座標!$E$13:$E$2301,設計座標!$L$13:$L$2301," ",0,1) -> 100 | Z25: =SQRT(($M$26-$M$24)^2+($N$26-$N$24)^2) -> 175.00007 | AA25: =_xlfn.XLOOKUP($G25,magnet_list!$A$2:$A$592,magnet_list!$AJ$2:$AJ$592,"n/a",0,1) -> 0.122 | AB25: =_xlfn.XLOOKUP($G25,magnet_list!$A$2:$A$592,magnet_list!$L$2:$L$592,"n/a",0,1) -> 44
A26: AT | B26: A | C26: m | D26: d | E26: a | F26: qf_at_02c | G26: qf_at_02 | I26: =_xlfn.XLOOKUP($F26,設計座標!$E$13:$E$2301,設計座標!$G$13:$G$2301,"n/a",0,1) -> -2.3632771 | J26: =_xlfn.XLOOKUP($F26,設計座標!$E$13:$E$2301,設計座標!$H$13:$H$2301,"n/a",0,1) -> 0 | K26: =_xlfn.XLOOKUP($F26,設計座標!$E$13:$E$2301,設計座標!$I$13:$I$2301,"n/a",0,1) -> -9605.9182 | L26: =_xlfn.XLOOKUP($F26,設計座標!$E$13:$E$2301,設計座標!$J$13:$J$2301,"n/a",0,1) -> 642 | M26: =$J26+$Q26 -> 0.15003675 | N26: =K26 -> -9605.9182 | O26: =$L26+$S26 -> 639.29936 | P26: =$L26+$T26 -> 640.27113 | Q26: =(Q$28-Q$25)/($N$28-$N$25)*($N26-$N$25)+Q$25 -> 0.15003675 | R26: =$N26-$K26 -> 0 | S26: =(S$28-S$25)/($N$28-$N$25)*($N26-$N$25)+S$25 -> -2.7006428 | T26: =$S26+測地線補正!$Q$3*(lattice!$N26/1000)^3+測地線補正!$P$3*(lattice!$N26/1000)^2+測地線補正!$O$3*(lattice!$N26/1000)+測地線補正!$N$3 -> -1.7288668 | U26: =ATAN(($P$26-$P$25)/ABS($N$26-$N$25)) -> -0.00019900216 | V26: 0 | W26: =-ATAN(($M$26-$M$25)/ABS($N$26-$N$25)) -> 0.00011553174 | X26: =$Z$26-($Y$26+$Y$24)/2 -> 100.00007 | Y26: =_xlfn.XLOOKUP($F26,設計座標!$E$13:$E$2301,設計座標!$L$13:$L$2301," ",0,1) -> 100 | Z26: =SQRT(($M$26-$M$24)^2+($N$26-$N$24)^2) -> 175.00007 | AA26: =_xlfn.XLOOKUP($G26,magnet_list!$A$2:$A$592,magnet_list!$AJ$2:$AJ$592,"n/a",0,1) -> 0.122 | AB26: =_xlfn.XLOOKUP($G26,magnet_list!$A$2:$A$592,magnet_list!$L$2:$L$592,"n/a",0,1) -> 44
A27: AT | B27: A | C27: m | D27: d | E27: a | F27: qd_at_03c | G27: qd_at_03 | I27: =_xlfn.XLOOKUP($F27,設計座標!$E$13:$E$2301,設計座標!$G$13:$G$2301,"n/a",0,1) -> -2.2084702 | J27: =_xlfn.XLOOKUP($F27,設計座標!$E$13:$E$2301,設計座標!$H$13:$H$2301,"n/a",0,1) -> 0 | K27: =_xlfn.XLOOKUP($F27,設計座標!$E$13:$E$2301,設計座標!$I$13:$I$2301,"n/a",0,1) -> -9451.1113 | L27: =_xlfn.XLOOKUP($F27,設計座標!$E$13:$E$2301,設計座標!$J$13:$J$2301,"n/a",0,1) -> 642 | M27: =$J27+$Q27 -> 0.13215164 | N27: =K27 -> -9451.1113 | O27: =$L27+$S27 -> 639.28474 | P27: =$L27+$T27 -> 640.24035 | Q27: =(Q$28-Q$25)/($N$28-$N$25)*($N27-$N$25)+Q$25 -> 0.13215164 | R27: =$N27-$K27 -> 0 | S27: =(S$28-S$25)/($N$28-$N$25)*($N27-$N$25)+S$25 -> -2.7152565 | T27: =$S27+測地線補正!$Q$3*(lattice!$N27/1000)^3+測地線補正!$P$3*(lattice!$N27/1000)^2+測地線補正!$O$3*(lattice!$N27/1000)+測地線補正!$N$3 -> -1.759654 | U27: =ATAN(($P$28-$P$27)/ABS($N$28-$N$27)) -> -0.00019876457 | V27: 0 | W27: =-ATAN(($M$28-$M$27)/ABS($N$28-$N$27)) -> 0.00011553174 | X27: =$Z$27-($Y$27+$Y$26)/2 -> 79.806901 | Y27: =_xlfn.XLOOKUP($F27,設計座標!$E$13:$E$2301,設計座標!$L$13:$L$2301," ",0,1) -> 50 | Z27: =SQRT(($M$27-$M$26)^2+($N$27-$N$26)^2) -> 154.8069 | AA27: =_xlfn.XLOOKUP($G27,magnet_list!$A$2:$A$592,magnet_list!$AJ$2:$AJ$592,"n/a",0,1) -> 0.0725 | AB27: =_xlfn.XLOOKUP($G27,magnet_list!$A$2:$A$592,magnet_list!$L$2:$L$592,"n/a",0,1) -> 44
A28: AT | B28: A | C28: m | D28: s | F28: qd_at_03 | G28: qd_at_03 | I28: =_xlfn.XLOOKUP($F28,設計座標!$E$13:$E$2301,設計座標!$G$13:$G$2301,"n/a",0,1) -> -2.2034702 | J28: =_xlfn.XLOOKUP($F28,設計座標!$E$13:$E$2301,設計座標!$H$13:$H$2301,"n/a",0,1) -> 0 | K28: =_xlfn.XLOOKUP($F28,設計座標!$E$13:$E$2301,設計座標!$I$13:$I$2301,"n/a",0,1) -> -9446.1113 | L28: =_xlfn.XLOOKUP($F28,設計座標!$E$13:$E$2301,設計座標!$J$13:$J$2301,"n/a",0,1) -> 642 | M28: =_xlfn.XLOOKUP($F28,survey_data!$A$2:$A$833,survey_data!$B$2:$B$833,"n/a",0,1) -> 0.13157398 | N28: =_xlfn.XLOOKUP($F28,survey_data!$A$2:$A$833,survey_data!$C$2:$C$833,"n/a",0,1) -> -9446.1113 | O28: =_xlfn.XLOOKUP($F28,survey_data!$A$2:$A$833,survey_data!$D$2:$D$833,"n/a",0,1) -> 639.28427 | P28: =$L28+$T28 -> 640.23935 | Q28: =$M28-$J28 -> 0.13157398 | R28: =$N28-$K28 -> 0 | S28: =$O28-$L28 -> -2.7157285 | T28: =$S28+測地線補正!$Q$3*(lattice!$N28/1000)^3+測地線補正!$P$3*(lattice!$N28/1000)^2+測地線補正!$O$3*(lattice!$N28/1000)+測地線補正!$N$3 -> -1.7606478 | U28: =ATAN(($P$28-$P$27)/ABS($N$28-$N$27)) -> -0.00019876457 | V28: 0 | W28: =-ATAN(($M$28-$M$27)/ABS($N$28-$N$27)) -> 0.00011553174 | X28: =$Z$27-($Y$27+$Y$26)/2 -> 79.806901 | Y28: =_xlfn.XLOOKUP($F28,設計座標!$E$13:$E$2301,設計座標!$L$13:$L$2301," ",0,1) -> 50 | Z28: =SQRT(($M$27-$M$26)^2+($N$27-$N$26)^2) -> 154.8069 | AA28: =_xlfn.XLOOKUP($G28,magnet_list!$A$2:$A$592,magnet_list!$AJ$2:$AJ$592,"n/a",0,1) -> 0.0725 | AB28: =_xlfn.XLOOKUP($G28,magnet_list!$A$2:$A$592,magnet_list!$L$2:$L$592,"n/a",0,1) -> 44
A29: AT | B29: A | C29: d | D29: d | E29: a | F29: sc_at_0 | G29: sc_at_0 | I29: =_xlfn.XLOOKUP($F29,設計座標!$E$13:$E$2301,設計座標!$G$13:$G$2301,"n/a",0,1) -> -2.0799702 | J29: =_xlfn.XLOOKUP($F29,設計座標!$E$13:$E$2301,設計座標!$H$13:$H$2301,"n/a",0,1) -> 0 | K29: =_xlfn.XLOOKUP($F29,設計座標!$E$13:$E$2301,設計座標!$I$13:$I$2301,"n/a",0,1) -> -9322.6113 | L29: =_xlfn.XLOOKUP($F29,設計座標!$E$13:$E$2301,設計座標!$J$13:$J$2301,"n/a",0,1) -> 480 | M29: =$J29+$Q29 -> 0.1285731 | N29: =K29 -> -9322.6113 | O29: =$L29+$S29 -> 477.30157 | P29: =$L29+$T29 -> 478.24377 | Q29: =(Q$59-Q$28)/($N$59-$N$28)*($N29-$N$28)+Q$28 -> 0.1285731 | R29: =$N29-$K29 -> 0 | S29: =(S$59-S$28)/($N$59-$N$28)*($N29-$N$28)+S$28 -> -2.6984341 | T29: =$S29+測地線補正!$Q$3*(lattice!$N29/1000)^3+測地線補正!$P$3*(lattice!$N29/1000)^2+測地線補正!$O$3*(lattice!$N29/1000)+測地線補正!$N$3 -> -1.7562316 | U29: 0 | V29: 0 | W29: 0 | X29: =$Z$29-($Y$29+$Y$28)/2 -> 103.5 | Y29: =_xlfn.XLOOKUP($F29,設計座標!$E$13:$E$2301,設計座標!$L$13:$L$2301," ",0,1) -> 0 | Z29: =SQRT(($M$29-$M$27)^2+($N$29-$N$27)^2) -> 128.5
A30: AS | B30: A | C30: d | D30: d | E30: a | F30: sp_as_2 | G30: sp_as_2 | I30: =_xlfn.XLOOKUP($F30,設計座標!$E$13:$E$2301,設計座標!$G$13:$G$2301,"n/a",0,1) -> -2.1474295 | J30: =_xlfn.XLOOKUP($F30,設計座標!$E$13:$E$2301,設計座標!$H$13:$H$2301,"n/a",0,1) -> -1388.2627 | K30: =_xlfn.XLOOKUP($F30,設計座標!$E$13:$E$2301,設計座標!$I$13:$I$2301,"n/a",0,1) -> -8909.5117 | L30: =_xlfn.XLOOKUP($F30,設計座標!$E$13:$E$2301,設計座標!$J$13:$J$2301,"n/a",0,1) -> -270 | M30: =J30 -> -1388.2627 | N30: =K30 -> -8909.5117 | O30: =L30 -> -270 | P30: =$L30+$T30 -> -269.10072 | Q30: =$M30-$J30 -> 0 | R30: =$N30-$K30 -> 0 | S30: =$O30-$L30 -> 0 | T30: =$S30+測地線補正!$Q$3*(lattice!$N30/1000)^3+測地線補正!$P$3*(lattice!$N30/1000)^2+測地線補正!$O$3*(lattice!$N30/1000)+測地線補正!$N$3 -> 0.89927782 | U30: 0 | V30: 0 | W30: 0 | X30: =$Z$30-($Y$30+$Y$22)/2 -> 216.8924 | Y30: =_xlfn.XLOOKUP($F30,設計座標!$E$13:$E$2301,設計座標!$L$13:$L$2301," ",0,1) -> 0 | Z30: =216.8924+392.7005/2 -> 413.24265
A31: AS | B31: A | C31: m | D31: d | E31: a | F31: qf_as_2c | G31: qf_as_2 | I31: =_xlfn.XLOOKUP($F31,設計座標!$E$13:$E$2301,設計座標!$G$13:$G$2301,"n/a",0,1) -> -2.0914295 | J31: =_xlfn.XLOOKUP($F31,設計座標!$E$13:$E$2301,設計座標!$H$13:$H$2301,"n/a",0,1) -> -1348.6647 | K31: =_xlfn.XLOOKUP($F31,設計座標!$E$13:$E$2301,設計座標!$I$13:$I$2301,"n/a",0,1) -> -8860.5577 | L31: =_xlfn.XLOOKUP($F31,設計座標!$E$13:$E$2301,設計座標!$J$13:$J$2301,"n/a",0,1) -> -125 | M31: =J31 -> -1348.6647 | N31: =K31 -> -8860.5577 | O31: =L31 -> -125 | P31: =$L31+$T31 -> -124.10579 | Q31: =$M31-$J31 -> 0 | R31: =$N31-$K31 -> 0 | S31: =$O31-$L31 -> 0 | T31: =$S31+測地線補正!$Q$3*(lattice!$N31/1000)^3+測地線補正!$P$3*(lattice!$N31/1000)^2+測地線補正!$O$3*(lattice!$N31/1000)+測地線補正!$N$3 -> 0.89420652 | U31: 0 | V31: 0 | W31: 0 | X31: =$Z$31-($Y$31+$Y$30)/2 -> 37.964242 | Y31: =_xlfn.XLOOKUP($F31,設計座標!$E$13:$E$2301,設計座標!$L$13:$L$2301," ",0,1) -> 50 | Z31: =SQRT(($M$31-$M$30)^2+($N$31-$N$30)^2) -> 62.964242 | AA31: =_xlfn.XLOOKUP($G31,magnet_list!$A$2:$A$592,magnet_list!$AJ$2:$AJ$592,"n/a",0,1) -> 0.074785 | AB31: =_xlfn.XLOOKUP($G31,magnet_list!$A$2:$A$592,magnet_list!$L$2:$L$592,"n/a",0,1) -> 44
A32: AS | B32: A | C32: m | D32: d | E32: a | F32: qd_as_2c | G32: qd_as_2 | I32: =_xlfn.XLOOKUP($F32,設計座標!$E$13:$E$2301,設計座標!$G$13:$G$2301,"n/a",0,1) -> -1.9414295 | J32: =_xlfn.XLOOKUP($F32,設計座標!$E$13:$E$2301,設計座標!$H$13:$H$2301,"n/a",0,1) -> -1242.5987 | K32: =_xlfn.XLOOKUP($F32,設計座標!$E$13:$E$2301,設計座標!$I$13:$I$2301,"n/a",0,1) -> -8754.4916 | L32: =_xlfn.XLOOKUP($F32,設計座標!$E$13:$E$2301,設計座標!$J$13:$J$2301,"n/a",0,1) -> -125 | M32: =J32 -> -1242.5987 | N32: =K32 -> -8754.4916 | O32: =L32 -> -125 | P32: =$L32+$T32 -> -124.11677 | Q32: =$M32-$J32 -> 0 | R32: =$N32-$K32 -> 0 | S32: =$O32-$L32 -> 0 | T32: =$S32+測地線補正!$Q$3*(lattice!$N32/1000)^3+測地線補正!$P$3*(lattice!$N32/1000)^2+測地線補正!$O$3*(lattice!$N32/1000)+測地線補正!$N$3 -> 0.88323 | U32: 0 | V32: 0 | W32: 0 | X32: =$Z$32-($Y$32+$Y$31)/2 -> 100.00005 | Y32: =_xlfn.XLOOKUP($F32,設計座標!$E$13:$E$2301,設計座標!$L$13:$L$2301," ",0,1) -> 50 | Z32: =SQRT(($M$32-$M$31)^2+($N$32-$N$31)^2) -> 150.00005 | AA32: =_xlfn.XLOOKUP($G32,magnet_list!$A$2:$A$592,magnet_list!$AJ$2:$AJ$592,"n/a",0,1) -> 0.074785 | AB32: =_xlfn.XLOOKUP($G32,magnet_list!$A$2:$A$592,magnet_list!$L$2:$L$592,"n/a",0,1) -> 44
A33: AT | B33: A | C33: m | D33: d | E33: a | F33: bx_at_0c | G33: bx_at_0 | I33: =_xlfn.XLOOKUP($F33,設計座標!$E$13:$E$2301,設計座標!$G$13:$G$2301,"n/a",0,1) -> -1.9197039 | J33: =_xlfn.XLOOKUP($F33,設計座標!$E$13:$E$2301,設計座標!$H$13:$H$2301,"n/a",0,1) -> 0 | K33: =_xlfn.XLOOKUP($F33,設計座標!$E$13:$E$2301,設計座標!$I$13:$I$2301,"n/a",0,1) -> -9162.345 | L33: =_xlfn.XLOOKUP($F33,設計座標!$E$13:$E$2301,設計座標!$J$13:$J$2301,"n/a",0,1) -> 575 | M33: =$J33+$Q33 -> 0.12467886 | N33: =K33 -> -9162.345 | O33: =$L33+$S33 -> 572.32401 | P33: =$L33+$T33 -> 573.24953 | Q33: =(Q$59-Q$28)/($N$59-$N$28)*($N33-$N$28)+Q$28 -> 0.12467886 | R33: =$N33-$K33 -> 0 | S33: =(S$59-S$28)/($N$59-$N$28)*($N33-$N$28)+S$28 -> -2.675991 | T33: =$S33+測地線補正!$Q$3*(lattice!$N33/1000)^3+測地線補正!$P$3*(lattice!$N33/1000)^2+測地線補正!$O$3*(lattice!$N33/1000)+測地線補正!$N$3 -> -1.7504693 | U33: 0 | V33: 0 | W33: 0 | X33: =$Z$33-($Y$33+$Y$29)/2 -> 135.26633 | Y33: =_xlfn.XLOOKUP($F33,設計座標!$E$13:$E$2301,設計座標!$L$13:$L$2301," ",0,1) -> 50 | Z33: =SQRT(($M$33-$M$29)^2+($N$33-$N$29)^2) -> 160.26633 | AA33: =_xlfn.XLOOKUP($G33,magnet_list!$A$2:$A$592,magnet_list!$AJ$2:$AJ$592,"n/a",0,1) -> 0.163898 | AB33: =_xlfn.XLOOKUP($G33,magnet_list!$A$2:$A$592,magnet_list!$L$2:$L$592,"n/a",0,1) -> 82
A34: AT | B34: A | C34: m | D34: d | E34: a | F34: by_at_0c | G34: by_at_0 | I34: =_xlfn.XLOOKUP($F34,設計座標!$E$13:$E$2301,設計座標!$G$13:$G$2301,"n/a",0,1) -> -1.9197039 | J34: =_xlfn.XLOOKUP($F34,設計座標!$E$13:$E$2301,設計座標!$H$13:$H$2301,"n/a",0,1) -> 0 | K34: =_xlfn.XLOOKUP($F34,設計座標!$E$13:$E$2301,設計座標!$I$13:$I$2301,"n/a",0,1) -> -9162.345 | L34: =_xlfn.XLOOKUP($F34,設計座標!$E$13:$E$2301,設計座標!$J$13:$J$2301,"n/a",0,1) -> 575 | M34: =$J34+$Q34 -> 0.12467886 | N34: =K34 -> -9162.345 | O34: =$L34+$S34 -> 572.32401 | P34: =$L34+$T34 -> 573.24953 | Q34: =(Q$59-Q$28)/($N$59-$N$28)*($N34-$N$28)+Q$28 -> 0.12467886 | R34: =$N34-$K34 -> 0 | S34: =(S$59-S$28)/($N$59-$N$28)*($N34-$N$28)+S$28 -> -2.675991 | T34: =$S34+測地線補正!$Q$3*(lattice!$N34/1000)^3+測地線補正!$P$3*(lattice!$N34/1000)^2+測地線補正!$O$3*(lattice!$N34/1000)+測地線補正!$N$3 -> -1.7504693 | U34: 0 | V34: 0 | W34: 0 | X34: =$Z$33-($Y$33+$Y$29)/2 -> 135.26633 | Y34: =_xlfn.XLOOKUP($F34,設計座標!$E$13:$E$2301,設計座標!$L$13:$L$2301," ",0,1) -> 50 | Z34: =SQRT(($M$33-$M$29)^2+($N$33-$N$29)^2) -> 160.26633 | AA34: =_xlfn.XLOOKUP($G34,magnet_list!$A$2:$A$592,magnet_list!$AJ$2:$AJ$592,"n/a",0,1) -> 0.163898 | AB34: =_xlfn.XLOOKUP($G34,magnet_list!$A$2:$A$592,magnet_list!$L$2:$L$592,"n/a",0,1) -> 82
A35: AT | B35: A | C35: a | D35: d | E35: a | F35: ac_at_1u | G35: ac_at_1 | I35: =_xlfn.XLOOKUP($F35,設計座標!$E$13:$E$2301,設計座標!$G$13:$G$2301,"n/a",0,1) -> -1.7405885 | J35: =_xlfn.XLOOKUP($F35,設計座標!$E$13:$E$2301,設計座標!$H$13:$H$2301,"n/a",0,1) -> 0 | K35: =_xlfn.XLOOKUP($F35,設計座標!$E$13:$E$2301,設計座標!$I$13:$I$2301,"n/a",0,1) -> -8983.2296 | L35: =_xlfn.XLOOKUP($F35,設計座標!$E$13:$E$2301,設計座標!$J$13:$J$2301,"n/a",0,1) -> 480 | M35: =$J35+$Q35 -> 0.12032661 | N35: =K35 -> -8983.2296 | O35: =$L35+$S35 -> 477.34909 | P35: =$L35+$T35 -> 478.25601 | Q35: =(Q$59-Q$28)/($N$59-$N$28)*($N35-$N$28)+Q$28 -> 0.12032661 | R35: =$N35-$K35 -> 0 | S35: =(S$59-S$28)/($N$59-$N$28)*($N35-$N$28)+S$28 -> -2.6509084 | T35: =$S35+測地線補正!$Q$3*(lattice!$N35/1000)^3+測地線補正!$P$3*(lattice!$N35/1000)^2+測地線補正!$O$3*(lattice!$N35/1000)+測地線補正!$N$3 -> -1.7439877 | U35: =ATAN(($P$54-$P$35)/ABS($N$54-$N$35)) -> 3.758395e-05 | V35: 0 | W35: =-ATAN(($M$54-$M$35)/ABS($N$54-$N$35)) -> 2.4298585e-05 | X35: =SQRT(($M$35-$M$33)^2+($N$35-$N$33)^2)-$Y$33/2 -> 154.1154 | Y35: =_xlfn.XLOOKUP($F35,設計座標!$E$13:$E$2301,設計座標!$L$13:$L$2301," ",0,1) -> 1889.4492 | Z35: =SQRT(($M$47-$M$36)^2+($N$47-$N$36)^2) -> 261.245
A36: AT | B36: A | C36: sa | D36: d | E36: a | F36: sx_at_1 | G36: sx_at_1 | I36: =_xlfn.XLOOKUP($F36,設計座標!$E$13:$E$2301,設計座標!$G$13:$G$2301,"n/a",0,1) -> -1.0571089 | J36: =_xlfn.XLOOKUP($F36,設計座標!$E$13:$E$2301,設計座標!$H$13:$H$2301,"n/a",0,1) -> 0 | K36: =_xlfn.XLOOKUP($F36,設計座標!$E$13:$E$2301,設計座標!$I$13:$I$2301,"n/a",0,1) -> -8299.75 | L36: =_xlfn.XLOOKUP($F36,設計座標!$E$13:$E$2301,設計座標!$J$13:$J$2301,"n/a",0,1) -> 480 | M36: =$J36+$Q36 -> 0.10371902 | N36: =K36 -> -8299.75 | O36: =$L36+$S36 -> 477.4448 | P36: =$L36+$T36 -> 478.28115 | Q36: =(Q$59-Q$28)/($N$59-$N$28)*($N36-$N$28)+Q$28 -> 0.10371902 | R36: =$N36-$K36 -> 0 | S36: =(S$59-S$28)/($N$59-$N$28)*($N36-$N$28)+S$28 -> -2.5551965 | T36: =$S36+測地線補正!$Q$3*(lattice!$N36/1000)^3+測地線補正!$P$3*(lattice!$N36/1000)^2+測地線補正!$O$3*(lattice!$N36/1000)+測地線補正!$N$3 -> -1.7188537 | U36: =ATAN(($P$54-$P$35)/ABS($N$54-$N$35)) -> 3.758395e-05 | V36: 0 | W36: =-ATAN(($M$54-$M$35)/ABS($N$54-$N$35)) -> 2.4298585e-05 | X36: n/a | Y36: =_xlfn.XLOOKUP($F36,設計座標!$E$13:$E$2301,設計座標!$L$13:$L$2301," ",0,1) -> 1000 | Z36: =SQRT(($M$36-$M$33)^2+($N$36-$N$33)^2) -> 862.595 | AA36: =_xlfn.XLOOKUP($G36,magnet_list!$A$2:$A$592,magnet_list!$AJ$2:$AJ$592,"n/a",0,1) -> 0.9501 | AB36: =_xlfn.XLOOKUP($G36,magnet_list!$A$2:$A$592,magnet_list!$L$2:$L$592,"n/a",0,1) -> 120
A37: AT | B37: A | C37: sa | D37: d | E37: a | F37: sy_at_1 | G37: sy_at_1 | I37: =_xlfn.XLOOKUP($F37,設計座標!$E$13:$E$2301,設計座標!$G$13:$G$2301,"n/a",0,1) -> -1.0571089 | J37: =_xlfn.XLOOKUP($F37,設計座標!$E$13:$E$2301,設計座標!$H$13:$H$2301,"n/a",0,1) -> 0 | K37: =_xlfn.XLOOKUP($F37,設計座標!$E$13:$E$2301,設計座標!$I$13:$I$2301,"n/a",0,1) -> -8299.75 | L37: =_xlfn.XLOOKUP($F37,設計座標!$E$13:$E$2301,設計座標!$J$13:$J$2301,"n/a",0,1) -> 480 | M37: =$J37+$Q37 -> 0.10371902 | N37: =K37 -> -8299.75 | O37: =$L37+$S37 -> 477.4448 | P37: =$L37+$T37 -> 478.28115 | Q37: =(Q$59-Q$28)/($N$59-$N$28)*($N37-$N$28)+Q$28 -> 0.10371902 | R37: =$N37-$K37 -> 0 | S37: =(S$59-S$28)/($N$59-$N$28)*($N37-$N$28)+S$28 -> -2.5551965 | T37: =$S37+測地線補正!$Q$3*(lattice!$N37/1000)^3+測地線補正!$P$3*(lattice!$N37/1000)^2+測地線補正!$O$3*(lattice!$N37/1000)+測地線補正!$N$3 -> -1.7188537 | U37: =ATAN(($P$54-$P$35)/ABS($N$54-$N$35)) -> 3.758395e-05 | V37: 0 | W37: =-ATAN(($M$54-$M$35)/ABS($N$54-$N$35)) -> 2.4298585e-05 | X37: n/a | Y37: =_xlfn.XLOOKUP($F37,設計座標!$E$13:$E$2301,設計座標!$L$13:$L$2301," ",0,1) -> 1000 | Z37: =SQRT(($M$36-$M$33)^2+($N$36-$N$33)^2) -> 862.595 | AA37: =_xlfn.XLOOKUP($G37,magnet_list!$A$2:$A$592,magnet_list!$AJ$2:$AJ$592,"n/a",0,1) -> 0.9501 | AB37: =_xlfn.XLOOKUP($G37,magnet_list!$A$2:$A$592,magnet_list!$L$2:$L$592,"n/a",0,1) -> 120
A38: A1 | B38: A | C38: g | D38: d | E38: a | F38: gr_a1 | G38: gr_a1 | I38: =_xlfn.XLOOKUP($F38,設計座標!$E$13:$E$2301,設計座標!$G$13:$G$2301,"n/a",0,1) -> -1.8603869 | J38: =_xlfn.XLOOKUP($F38,設計座標!$E$13:$E$2301,設計座標!$H$13:$H$2301,"n/a",0,1) -> 0 | K38: =_xlfn.XLOOKUP($F38,設計座標!$E$13:$E$2301,設計座標!$I$13:$I$2301,"n/a",0,1) -> -9189.1279 | L38: =_xlfn.XLOOKUP($F38,設計座標!$E$13:$E$2301,設計座標!$J$13:$J$2301,"n/a",0,1) -> -270 | M38: =J38 -> 0 | N38: =_xlfn.XLOOKUP($F38,設計座標!$E$13:$E$2301,設計座標!$I$13:$I$2301,"n/a",0,1) -> -9189.1279 | O38: =L38 -> -270 | P38: =$L38+$T38 -> -269.07169 | Q38: =$M38-$J38 -> 0 | R38: =$N38-$K38 -> 0 | S38: =$O38-$L38 -> 0 | T38: =$S38+測地線補正!$Q$3*(lattice!$N38/1000)^3+測地線補正!$P$3*(lattice!$N38/1000)^2+測地線補正!$O$3*(lattice!$N38/1000)+測地線補正!$N$3 -> 0.92830686 | U38: 0 | V38: 0 | W38: 0 | X38: 0 | Y38: =_xlfn.XLOOKUP($F38,設計座標!$E$13:$E$2301,設計座標!$L$13:$L$2301," ",0,1) -> 0 | Z38: 0
A39: A1 | B39: A | C39: s | D39: d | E39: a | F39: solenoid_coil | G39: solenoid_coil | I39: =_xlfn.XLOOKUP($F39,設計座標!$E$13:$E$2301,設計座標!$G$13:$G$2301,"n/a",0,1) -> -1.5480869 | J39: =_xlfn.XLOOKUP($F39,設計座標!$E$13:$E$2301,設計座標!$H$13:$H$2301,"n/a",0,1) -> 0 | K39: =_xlfn.XLOOKUP($F39,設計座標!$E$13:$E$2301,設計座標!$I$13:$I$2301,"n/a",0,1) -> -8876.8279 | L39: =_xlfn.XLOOKUP($F39,設計座標!$E$13:$E$2301,設計座標!$J$13:$J$2301,"n/a",0,1) -> -270 | M39: =J39 -> 0 | N39: =_xlfn.XLOOKUP($F39,設計座標!$E$13:$E$2301,設計座標!$I$13:$I$2301,"n/a",0,1) -> -8876.8279 | O39: =L39 -> -270 | P39: =$L39+$T39 -> -269.10411 | Q39: =$M39-$J39 -> 0 | R39: =$N39-$K39 -> 0 | S39: =$O39-$L39 -> 0 | T39: =$S39+測地線補正!$Q$3*(lattice!$N39/1000)^3+測地線補正!$P$3*(lattice!$N39/1000)^2+測地線補正!$O$3*(lattice!$N39/1000)+測地線補正!$N$3 -> 0.89589164 | U39: 0 | V39: 0 | W39: 0 | X39: =$Z$39-($Y$39+$Y$38)/2 -> 292.3 | Y39: =_xlfn.XLOOKUP($F39,設計座標!$E$13:$E$2301,設計座標!$L$13:$L$2301," ",0,1) -> 40 | Z39: =SQRT(($M$39-$M$38)^2+($N$39-$N$38)^2) -> 312.3
A40: A1 | B40: A | C40: v | D40: d | E40: a | F40: gv_a1_rg | G40: gv_a1_rg | I40: =_xlfn.XLOOKUP($F40,設計座標!$E$13:$E$2301,設計座標!$G$13:$G$2301,"n/a",0,1) -> -1.2430869 | J40: =_xlfn.XLOOKUP($F40,設計座標!$E$13:$E$2301,設計座標!$H$13:$H$2301,"n/a",0,1) -> 0 | K40: =_xlfn.XLOOKUP($F40,設計座標!$E$13:$E$2301,設計座標!$I$13:$I$2301,"n/a",0,1) -> -8571.8279 | L40: =_xlfn.XLOOKUP($F40,設計座標!$E$13:$E$2301,設計座標!$J$13:$J$2301,"n/a",0,1) -> -270 | M40: =J40 -> 0 | N40: =_xlfn.XLOOKUP($F40,設計座標!$E$13:$E$2301,設計座標!$I$13:$I$2301,"n/a",0,1) -> -8571.8279 | O40: =L40 -> -270 | P40: =$L40+$T40 -> -269.13564 | Q40: =$M40-$J40 -> 0 | R40: =$N40-$K40 -> 0 | S40: =$O40-$L40 -> 0 | T40: =$S40+測地線補正!$Q$3*(lattice!$N40/1000)^3+測地線補正!$P$3*(lattice!$N40/1000)^2+測地線補正!$O$3*(lattice!$N40/1000)+測地線補正!$N$3 -> 0.8643624 | U40: 0 | V40: 0 | W40: 0 | X40: =$Z$40-($Y$40+$Y$39)/2 -> 285 | Y40: =_xlfn.XLOOKUP($F40,設計座標!$E$13:$E$2301,設計座標!$L$13:$L$2301," ",0,1) -> 0 | Z40: =SQRT(($M$40-$M$39)^2+($N$40-$N$39)^2) -> 305
A41: A1 | B41: A | C41: d | D41: d | E41: a | F41: sp_a1_g | G41: sp_a1_g | I41: =_xlfn.XLOOKUP($F41,設計座標!$E$13:$E$2301,設計座標!$G$13:$G$2301,"n/a",0,1) -> -0.9420869 | J41: =_xlfn.XLOOKUP($F41,設計座標!$E$13:$E$2301,設計座標!$H$13:$H$2301,"n/a",0,1) -> 0 | K41: =_xlfn.XLOOKUP($F41,設計座標!$E$13:$E$2301,設計座標!$I$13:$I$2301,"n/a",0,1) -> -8342.8279 | L41: =_xlfn.XLOOKUP($F41,設計座標!$E$13:$E$2301,設計座標!$J$13:$J$2301,"n/a",0,1) -> -270 | M41: =J41 -> 0 | N41: =K41 -> -8342.8279 | O41: =L41 -> -270 | P41: =$L41+$T41 -> -269.15923 | Q41: =$M41-$J41 -> 0 | R41: =$N41-$K41 -> 0 | S41: =$O41-$L41 -> 0 | T41: =$S41+測地線補正!$Q$3*(lattice!$N41/1000)^3+測地線補正!$P$3*(lattice!$N41/1000)^2+測地線補正!$O$3*(lattice!$N41/1000)+測地線補正!$N$3 -> 0.84077251 | U41: 0 | V41: 0 | W41: 0 | X41: =$Z$41-($Y$41+$Y$40)/2 -> 229 | Y41: =_xlfn.XLOOKUP($F41,設計座標!$E$13:$E$2301,設計座標!$L$13:$L$2301," ",0,1) -> 0 | Z41: =SQRT(($M$41-$M$40)^2+($N$41-$N$40)^2) -> 229
A42: A1 | B42: A | C42: m | D42: d | E42: a | F42: qd_a1_g1c | G42: qd_a1_g1 | I42: =_xlfn.XLOOKUP($F42,設計座標!$E$13:$E$2301,設計座標!$G$13:$G$2301,"n/a",0,1) -> -0.8700869 | J42: =_xlfn.XLOOKUP($F42,設計座標!$E$13:$E$2301,設計座標!$H$13:$H$2301,"n/a",0,1) -> 0 | K42: =_xlfn.XLOOKUP($F42,設計座標!$E$13:$E$2301,設計座標!$I$13:$I$2301,"n/a",0,1) -> -8270.8279 | L42: =_xlfn.XLOOKUP($F42,設計座標!$E$13:$E$2301,設計座標!$J$13:$J$2301,"n/a",0,1) -> -80 | M42: =J42 -> 0 | N42: =K42 -> -8270.8279 | O42: =L42 -> -80 | P42: =$L42+$T42 -> -79.16663 | Q42: =$M42-$J42 -> 0 | R42: =$N42-$K42 -> 0 | S42: =$O42-$L42 -> 0 | T42: =$S42+測地線補正!$Q$3*(lattice!$N42/1000)^3+測地線補正!$P$3*(lattice!$N42/1000)^2+測地線補正!$O$3*(lattice!$N42/1000)+測地線補正!$N$3 -> 0.83337024 | U42: 0 | V42: 0 | W42: 0 | X42: =$Z$42-($Y$42+$Y$41)/2 -> 47 | Y42: =_xlfn.XLOOKUP($F42,設計座標!$E$13:$E$2301,設計座標!$L$13:$L$2301," ",0,1) -> 50 | Z42: =SQRT(($M$42-$M$41)^2+($N$42-$N$41)^2) -> 72 | AA42: =_xlfn.XLOOKUP($G42,magnet_list!$A$2:$A$592,magnet_list!$AJ$2:$AJ$592,"n/a",0,1) -> 0.0736 | AB42: =_xlfn.XLOOKUP($G42,magnet_list!$A$2:$A$592,magnet_list!$L$2:$L$592,"n/a",0,1) -> 44
A43: AS | B43: A | C43: d | D43: d | E43: a | F43: sc_as_1 | G43: sc_as_1 | I43: =_xlfn.XLOOKUP($F43,設計座標!$E$13:$E$2301,設計座標!$G$13:$G$2301,"n/a",0,1) -> -1.0991295 | J43: =_xlfn.XLOOKUP($F43,設計座標!$E$13:$E$2301,設計座標!$H$13:$H$2301,"n/a",0,1) -> -647.0027 | K43: =_xlfn.XLOOKUP($F43,設計座標!$E$13:$E$2301,設計座標!$I$13:$I$2301,"n/a",0,1) -> -8168.2517 | L43: =_xlfn.XLOOKUP($F43,設計座標!$E$13:$E$2301,設計座標!$J$13:$J$2301,"n/a",0,1) -> -270 | M43: =J43 -> -647.0027 | N43: =K43 -> -8168.2517 | O43: =L43 -> -270 | P43: =$L43+$T43 -> -269.17716 | Q43: =$M43-$J43 -> 0 | R43: =$N43-$K43 -> 0 | S43: =$O43-$L43 -> 0 | T43: =$S43+測地線補正!$Q$3*(lattice!$N43/1000)^3+測地線補正!$P$3*(lattice!$N43/1000)^2+測地線補正!$O$3*(lattice!$N43/1000)+測地線補正!$N$3 -> 0.82283651 | U43: 0 | V43: 0 | W43: 0 | X43: =$Z$43-($Y$43+$Y$32)/2 -> 810.71037 | Y43: =_xlfn.XLOOKUP($F43,設計座標!$E$13:$E$2301,設計座標!$L$13:$L$2301," ",0,1) -> 0 | Z43: =SQRT(($M$43-$M$32)^2+($N$43-$N$32)^2) -> 835.71037
A44: AS | B44: A | C44: d | D44: d | E44: a | F44: sp_as_3 | G44: sp_as_3 | I44: =_xlfn.XLOOKUP($F44,設計座標!$E$13:$E$2301,設計座標!$G$13:$G$2301,"n/a",0,1) -> -0.8701295 | J44: =_xlfn.XLOOKUP($F44,設計座標!$E$13:$E$2301,設計座標!$H$13:$H$2301,"n/a",0,1) -> -485.0753 | K44: =_xlfn.XLOOKUP($F44,設計座標!$E$13:$E$2301,設計座標!$I$13:$I$2301,"n/a",0,1) -> -8006.3243 | L44: =_xlfn.XLOOKUP($F44,設計座標!$E$13:$E$2301,設計座標!$J$13:$J$2301,"n/a",0,1) -> -270 | M44: =J44 -> -485.0753 | N44: =K44 -> -8006.3243 | O44: =L44 -> -270 | P44: =$L44+$T44 -> -269.19376 | Q44: =$M44-$J44 -> 0 | R44: =$N44-$K44 -> 0 | S44: =$O44-$L44 -> 0 | T44: =$S44+測地線補正!$Q$3*(lattice!$N44/1000)^3+測地線補正!$P$3*(lattice!$N44/1000)^2+測地線補正!$O$3*(lattice!$N44/1000)+測地線補正!$N$3 -> 0.80623669 | U44: 0 | V44: 0 | W44: 0 | X44: =$Z$44-($Y$44+$Y$43)/2 -> 228.99993 | Y44: =_xlfn.XLOOKUP($F44,設計座標!$E$13:$E$2301,設計座標!$L$13:$L$2301," ",0,1) -> 0 | Z44: =SQRT(($M$44-$M$43)^2+($N$44-$N$43)^2) -> 228.99993
A45: AS | B45: A | C45: m | D45: d | E45: a | F45: qd_as_3c | G45: qd_as_3 | I45: =_xlfn.XLOOKUP($F45,設計座標!$E$13:$E$2301,設計座標!$G$13:$G$2301,"n/a",0,1) -> -0.8141295 | J45: =_xlfn.XLOOKUP($F45,設計座標!$E$13:$E$2301,設計座標!$H$13:$H$2301,"n/a",0,1) -> -445.4773 | K45: =_xlfn.XLOOKUP($F45,設計座標!$E$13:$E$2301,設計座標!$I$13:$I$2301,"n/a",0,1) -> -7957.3702 | L45: =_xlfn.XLOOKUP($F45,設計座標!$E$13:$E$2301,設計座標!$J$13:$J$2301,"n/a",0,1) -> -125 | M45: =J45 -> -445.4773 | N45: =K45 -> -7957.3702 | O45: =L45 -> -125 | P45: =$L45+$T45 -> -124.19877 | Q45: =$M45-$J45 -> 0 | R45: =$N45-$K45 -> 0 | S45: =$O45-$L45 -> 0 | T45: =$S45+測地線補正!$Q$3*(lattice!$N45/1000)^3+測地線補正!$P$3*(lattice!$N45/1000)^2+測地線補正!$O$3*(lattice!$N45/1000)+測地線補正!$N$3 -> 0.80122514 | U45: 0 | V45: 0 | W45: 0 | X45: =$Z$45-($Y$45+$Y$44)/2 -> 37.964319 | Y45: =_xlfn.XLOOKUP($F45,設計座標!$E$13:$E$2301,設計座標!$L$13:$L$2301," ",0,1) -> 50 | Z45: =SQRT(($M$45-$M$44)^2+($N$45-$N$44)^2) -> 62.964319 | AA45: =_xlfn.XLOOKUP($G45,magnet_list!$A$2:$A$592,magnet_list!$AJ$2:$AJ$592,"n/a",0,1) -> 0.074785 | AB45: =_xlfn.XLOOKUP($G45,magnet_list!$A$2:$A$592,magnet_list!$L$2:$L$592,"n/a",0,1) -> 44
A46: A1 | B46: A | C46: m | D46: d | E46: a | F46: qf_a1_g2c | G46: qf_a1_g2 | I46: =_xlfn.XLOOKUP($F46,設計座標!$E$13:$E$2301,設計座標!$G$13:$G$2301,"n/a",0,1) -> -0.7600869 | J46: =_xlfn.XLOOKUP($F46,設計座標!$E$13:$E$2301,設計座標!$H$13:$H$2301,"n/a",0,1) -> 0 | K46: =_xlfn.XLOOKUP($F46,設計座標!$E$13:$E$2301,設計座標!$I$13:$I$2301,"n/a",0,1) -> -8160.8279 | L46: =_xlfn.XLOOKUP($F46,設計座標!$E$13:$E$2301,設計座標!$J$13:$J$2301,"n/a",0,1) -> -80 | M46: =J46 -> 0 | N46: =K46 -> -8160.8279 | O46: =L46 -> -80 | P46: =$L46+$T46 -> -79.177925 | Q46: =$M46-$J46 -> 0 | R46: =$N46-$K46 -> 0 | S46: =$O46-$L46 -> 0 | T46: =$S46+測地線補正!$Q$3*(lattice!$N46/1000)^3+測地線補正!$P$3*(lattice!$N46/1000)^2+測地線補正!$O$3*(lattice!$N46/1000)+測地線補正!$N$3 -> 0.8220747 | U46: 0 | V46: 0 | W46: 0 | X46: =$Z$46-($Y$46+$Y$42)/2 -> 60 | Y46: =_xlfn.XLOOKUP($F46,設計座標!$E$13:$E$2301,設計座標!$L$13:$L$2301," ",0,1) -> 50 | Z46: =SQRT(($M$46-$M$42)^2+($N$46-$N$42)^2) -> 110 | AA46: =_xlfn.XLOOKUP($G46,magnet_list!$A$2:$A$592,magnet_list!$AJ$2:$AJ$592,"n/a",0,1) -> 0.0736 | AB46: =_xlfn.XLOOKUP($G46,magnet_list!$A$2:$A$592,magnet_list!$L$2:$L$592,"n/a",0,1) -> 44
A47: AT | B47: A | C47: a | D47: d | E47: a | F47: ac_at_1c | G47: ac_at_1 | I47: =_xlfn.XLOOKUP($F47,設計座標!$E$13:$E$2301,設計座標!$G$13:$G$2301,"n/a",0,1) -> -0.79586388 | J47: =_xlfn.XLOOKUP($F47,設計座標!$E$13:$E$2301,設計座標!$H$13:$H$2301,"n/a",0,1) -> 0 | K47: =_xlfn.XLOOKUP($F47,設計座標!$E$13:$E$2301,設計座標!$I$13:$I$2301,"n/a",0,1) -> -8038.505 | L47: =_xlfn.XLOOKUP($F47,設計座標!$E$13:$E$2301,設計座標!$J$13:$J$2301,"n/a",0,1) -> 480 | M47: =$J47+$Q47 -> 0.097371139 | N47: =K47 -> -8038.505 | O47: =$L47+$S47 -> 477.48139 | P47: =$L47+$T47 -> 478.29092 | Q47: =(Q$59-Q$28)/($N$59-$N$28)*($N47-$N$28)+Q$28 -> 0.097371139 | R47: =$N47-$K47 -> 0 | S47: =(S$59-S$28)/($N$59-$N$28)*($N47-$N$28)+S$28 -> -2.5186128 | T47: =$S47+測地線補正!$Q$3*(lattice!$N47/1000)^3+測地線補正!$P$3*(lattice!$N47/1000)^2+測地線補正!$O$3*(lattice!$N47/1000)+測地線補正!$N$3 -> -1.70908 | U47: =ATAN(($P$54-$P$35)/ABS($N$54-$N$35)) -> 3.758395e-05 | V47: 0 | W47: =-ATAN(($M$54-$M$35)/ABS($N$54-$N$35)) -> 2.4298585e-05 | X47: n/a | Y47: =_xlfn.XLOOKUP($F47,設計座標!$E$13:$E$2301,設計座標!$L$13:$L$2301," ",0,1) -> 1889.4492 | Z47: =SQRT(($M$47-$M$36)^2+($N$47-$N$36)^2) -> 261.245
A48: AS | B48: A | C48: m | D48: d | E48: a | F48: qf_as_3c | G48: qf_as_3 | I48: =_xlfn.XLOOKUP($F48,設計座標!$E$13:$E$2301,設計座標!$G$13:$G$2301,"n/a",0,1) -> -0.5641295 | J48: =_xlfn.XLOOKUP($F48,設計座標!$E$13:$E$2301,設計座標!$H$13:$H$2301,"n/a",0,1) -> -339.4113 | K48: =_xlfn.XLOOKUP($F48,設計座標!$E$13:$E$2301,設計座標!$I$13:$I$2301,"n/a",0,1) -> -7851.3042 | L48: =_xlfn.XLOOKUP($F48,設計座標!$E$13:$E$2301,設計座標!$J$13:$J$2301,"n/a",0,1) -> -125 | M48: =J48 -> -339.4113 | N48: =K48 -> -7851.3042 | O48: =L48 -> -125 | P48: =$L48+$T48 -> -124.20962 | Q48: =$M48-$J48 -> 0 | R48: =$N48-$K48 -> 0 | S48: =$O48-$L48 -> 0 | T48: =$S48+測地線補正!$Q$3*(lattice!$N48/1000)^3+測地線補正!$P$3*(lattice!$N48/1000)^2+測地線補正!$O$3*(lattice!$N48/1000)+測地線補正!$N$3 -> 0.79037791 | U48: 0 | V48: 0 | W48: 0 | X48: =$Z$48-($Y$48+$Y$45)/2 -> 99.999976 | Y48: =_xlfn.XLOOKUP($F48,設計座標!$E$13:$E$2301,設計座標!$L$13:$L$2301," ",0,1) -> 50 | Z48: =SQRT(($M$48-$M$45)^2+($N$48-$N$45)^2) -> 149.99998 | AA48: =_xlfn.XLOOKUP($G48,magnet_list!$A$2:$A$592,magnet_list!$AJ$2:$AJ$592,"n/a",0,1) -> 0.074785 | AB48: =_xlfn.XLOOKUP($G48,magnet_list!$A$2:$A$592,magnet_list!$L$2:$L$592,"n/a",0,1) -> 44
A49: A1 | B49: A | C49: d | D49: d | E49: a | F49: sc_a1_g | G49: sc_a1_g | I49: =_xlfn.XLOOKUP($F49,設計座標!$E$13:$E$2301,設計座標!$G$13:$G$2301,"n/a",0,1) -> -0.5126519 | J49: =_xlfn.XLOOKUP($F49,設計座標!$E$13:$E$2301,設計座標!$H$13:$H$2301,"n/a",0,1) -> 0 | K49: =_xlfn.XLOOKUP($F49,設計座標!$E$13:$E$2301,設計座標!$I$13:$I$2301,"n/a",0,1) -> -7913.3929 | L49: =_xlfn.XLOOKUP($F49,設計座標!$E$13:$E$2301,設計座標!$J$13:$J$2301,"n/a",0,1) -> -270 | M49: =J49 -> 0 | N49: =K49 -> -7913.3929 | O49: =L49 -> -270 | P49: =$L49+$T49 -> -269.20327 | Q49: =$M49-$J49 -> 0 | R49: =$N49-$K49 -> 0 | S49: =$O49-$L49 -> 0 | T49: =$S49+測地線補正!$Q$3*(lattice!$N49/1000)^3+測地線補正!$P$3*(lattice!$N49/1000)^2+測地線補正!$O$3*(lattice!$N49/1000)+測地線補正!$N$3 -> 0.79672581 | U49: 0 | V49: 0 | W49: 0 | X49: =$Z$49-($Y$49+$Y$46)/2 -> 222.435 | Y49: =_xlfn.XLOOKUP($F49,設計座標!$E$13:$E$2301,設計座標!$L$13:$L$2301," ",0,1) -> 0 | Z49: =SQRT(($M$49-$M$46)^2+($N$49-$N$46)^2) -> 247.435
A50: A1 | B50: A | C50: m | D50: d | E50: a | F50: bx_a1_gc | G50: bx_a1_g | I50: =_xlfn.XLOOKUP($F50,設計座標!$E$13:$E$2301,設計座標!$G$13:$G$2301,"n/a",0,1) -> -0.4146519 | J50: =_xlfn.XLOOKUP($F50,設計座標!$E$13:$E$2301,設計座標!$H$13:$H$2301,"n/a",0,1) -> 0 | K50: =_xlfn.XLOOKUP($F50,設計座標!$E$13:$E$2301,設計座標!$I$13:$I$2301,"n/a",0,1) -> -7815.3929 | L50: =_xlfn.XLOOKUP($F50,設計座標!$E$13:$E$2301,設計座標!$J$13:$J$2301,"n/a",0,1) -> -180 | M50: =J50 -> 0 | N50: =K50 -> -7815.3929 | O50: =L50 -> -180 | P50: =$L50+$T50 -> -179.21329 | Q50: =$M50-$J50 -> 0 | R50: =$N50-$K50 -> 0 | S50: =$O50-$L50 -> 0 | T50: =$S50+測地線補正!$Q$3*(lattice!$N50/1000)^3+測地線補正!$P$3*(lattice!$N50/1000)^2+測地線補正!$O$3*(lattice!$N50/1000)+測地線補正!$N$3 -> 0.78670871 | U50: 0 | V50: 0 | W50: 0 | X50: =$Z$50-($Y$50+$Y$49)/2 -> 73 | Y50: =_xlfn.XLOOKUP($F50,設計座標!$E$13:$E$2301,設計座標!$L$13:$L$2301," ",0,1) -> 50 | Z50: =SQRT(($M$50-$M$49)^2+($N$50-$N$49)^2) -> 98 | AA50: =_xlfn.XLOOKUP($G50,magnet_list!$A$2:$A$592,magnet_list!$AJ$2:$AJ$592,"n/a",0,1) -> 0.163898 | AB50: =_xlfn.XLOOKUP($G50,magnet_list!$A$2:$A$592,magnet_list!$L$2:$L$592,"n/a",0,1) -> 82
A51: A1 | B51: A | C51: m | D51: d | E51: a | F51: by_a1_gc | G51: by_a1_g | I51: =_xlfn.XLOOKUP($F51,設計座標!$E$13:$E$2301,設計座標!$G$13:$G$2301,"n/a",0,1) -> -0.4146519 | J51: =_xlfn.XLOOKUP($F51,設計座標!$E$13:$E$2301,設計座標!$H$13:$H$2301,"n/a",0,1) -> 0 | K51: =_xlfn.XLOOKUP($F51,設計座標!$E$13:$E$2301,設計座標!$I$13:$I$2301,"n/a",0,1) -> -7815.3929 | L51: =_xlfn.XLOOKUP($F51,設計座標!$E$13:$E$2301,設計座標!$J$13:$J$2301,"n/a",0,1) -> -180 | M51: =J51 -> 0 | N51: =K51 -> -7815.3929 | O51: =L51 -> -180 | P51: =$L51+$T51 -> -179.21329 | Q51: =$M51-$J51 -> 0 | R51: =$N51-$K51 -> 0 | S51: =$O51-$L51 -> 0 | T51: =$S51+測地線補正!$Q$3*(lattice!$N51/1000)^3+測地線補正!$P$3*(lattice!$N51/1000)^2+測地線補正!$O$3*(lattice!$N51/1000)+測地線補正!$N$3 -> 0.78670871 | U51: 0 | V51: 0 | W51: 0 | X51: =$Z$50-($Y$50+$Y$49)/2 -> 73 | Y51: =_xlfn.XLOOKUP($F51,設計座標!$E$13:$E$2301,設計座標!$L$13:$L$2301," ",0,1) -> 50 | Z51: =SQRT(($M$51-$M$49)^2+($N$51-$N$49)^2) -> 98 | AA51: =_xlfn.XLOOKUP($G51,magnet_list!$A$2:$A$592,magnet_list!$AJ$2:$AJ$592,"n/a",0,1) -> 0.163898 | AB51: =_xlfn.XLOOKUP($G51,magnet_list!$A$2:$A$592,magnet_list!$L$2:$L$592,"n/a",0,1) -> 82
A52: AS | B52: A | C52: m | D52: d | E52: a | F52: bm_a1_0c | G52: bm_a1_0 | I52: =_xlfn.XLOOKUP($F52,設計座標!$E$13:$E$2301,設計座標!$G$13:$G$2301,"n/a",0,1) -> -0.0953872 | J52: =_xlfn.XLOOKUP($F52,設計座標!$E$13:$E$2301,設計座標!$H$13:$H$2301,"n/a",0,1) -> -38.0606 | K52: =_xlfn.XLOOKUP($F52,設計座標!$E$13:$E$2301,設計座標!$I$13:$I$2301,"n/a",0,1) -> -7496.1282 | L52: =_xlfn.XLOOKUP($F52,設計座標!$E$13:$E$2301,設計座標!$J$13:$J$2301,"n/a",0,1) -> -125 | M52: =J52 -> -38.0606 | N52: =K52 -> -7496.1282 | O52: =L52 -> -125 | P52: =$L52+$T52 -> -124.24584 | Q52: =$M52-$J52 -> 0 | R52: =$N52-$K52 -> 0 | S52: =$O52-$L52 -> 0 | T52: =$S52+測地線補正!$Q$3*(lattice!$N52/1000)^3+測地線補正!$P$3*(lattice!$N52/1000)^2+測地線補正!$O$3*(lattice!$N52/1000)+測地線補正!$N$3 -> 0.75416387 | U52: 0 | V52: 0 | W52: 0 | X52: =$Z$52-($Y$52+$Y$48)/2 -> 247.8925 | Y52: =_xlfn.XLOOKUP($F52,設計座標!$E$13:$E$2301,設計座標!$L$13:$L$2301," ",0,1) -> 392.6996 | Z52: =272.8925+392.6996/2 -> 469.2423 | AA52: =_xlfn.XLOOKUP($G52,magnet_list!$A$2:$A$592,magnet_list!$AJ$2:$AJ$592,"n/a",0,1) -> 0.4229 | AB52: =_xlfn.XLOOKUP($G52,magnet_list!$A$2:$A$592,magnet_list!$L$2:$L$592,"n/a",0,1) -> 30 | AD52: arc length = 392.6996
A53: AS | B53: A | C53: d | D53: d | E53: a | F53: sc_as_2 | G53: sc_as_2 | I53: =_xlfn.XLOOKUP($F53,設計座標!$E$13:$E$2301,設計座標!$G$13:$G$2301,"n/a",0,1) -> 0.4048704 | J53: =_xlfn.XLOOKUP($F53,設計座標!$E$13:$E$2301,設計座標!$H$13:$H$2301,"n/a",0,1) -> 345.7752 | K53: =_xlfn.XLOOKUP($F53,設計座標!$E$13:$E$2301,設計座標!$I$13:$I$2301,"n/a",0,1) -> -7175.4739 | L53: =_xlfn.XLOOKUP($F53,設計座標!$E$13:$E$2301,設計座標!$J$13:$J$2301,"n/a",0,1) -> -270 | M53: =J53 -> 345.7752 | N53: =K53 -> -7175.4739 | O53: =L53 -> -270 | P53: =$L53+$T53 -> -269.27839 | Q53: =$M53-$J53 -> 0 | R53: =$N53-$K53 -> 0 | S53: =$O53-$L53 -> 0 | T53: =$S53+測地線補正!$Q$3*(lattice!$N53/1000)^3+測地線補正!$P$3*(lattice!$N53/1000)^2+測地線補正!$O$3*(lattice!$N53/1000)+測地線補正!$N$3 -> 0.72161364 | U53: 0 | V53: 0 | W53: 0 | X53: =$Z$53-($Y$53+$Y$52)/2 -> 772.6501 | Y53: =_xlfn.XLOOKUP($F53,設計座標!$E$13:$E$2301,設計座標!$L$13:$L$2301," ",0,1) -> 0 | Z53: =968.9999 -> 968.9999 | AD53: qf_as_3c 中心より
A54: AT | B54: A | C54: a | D54: d | E54: a | F54: ac_at_1d | G54: ac_at_1 | I54: =_xlfn.XLOOKUP($F54,設計座標!$E$13:$E$2301,設計座標!$G$13:$G$2301,"n/a",0,1) -> 0.14886072 | J54: =_xlfn.XLOOKUP($F54,設計座標!$E$13:$E$2301,設計座標!$H$13:$H$2301,"n/a",0,1) -> 0 | K54: =_xlfn.XLOOKUP($F54,設計座標!$E$13:$E$2301,設計座標!$I$13:$I$2301,"n/a",0,1) -> -7093.7804 | L54: =_xlfn.XLOOKUP($F54,設計座標!$E$13:$E$2301,設計座標!$J$13:$J$2301,"n/a",0,1) -> 480 | M54: =$J54+$Q54 -> 0.074415668 | N54: =K54 -> -7093.7804 | O54: =$L54+$S54 -> 477.61368 | P54: =$L54+$T54 -> 478.32703 | Q54: =(Q$59-Q$28)/($N$59-$N$28)*($N54-$N$28)+Q$28 -> 0.074415668 | R54: =$N54-$K54 -> 0 | S54: =(S$59-S$28)/($N$59-$N$28)*($N54-$N$28)+S$28 -> -2.3863173 | T54: =$S54+測地線補正!$Q$3*(lattice!$N54/1000)^3+測地線補正!$P$3*(lattice!$N54/1000)^2+測地線補正!$O$3*(lattice!$N54/1000)+測地線補正!$N$3 -> -1.6729748 | U54: =ATAN(($P$54-$P$35)/ABS($N$54-$N$35)) -> 3.758395e-05 | V54: 0 | W54: =-ATAN(($M$54-$M$35)/ABS($N$54-$N$35)) -> 2.4298585e-05 | X54: n/a | Y54: =_xlfn.XLOOKUP($F54,設計座標!$E$13:$E$2301,設計座標!$L$13:$L$2301," ",0,1) -> 1889.4492 | Z54: =SQRT(($M$47-$M$36)^2+($N$47-$N$36)^2) -> 261.245
A55: A1/AS | B55: A | C55: d | D55: d | E55: a | F55: sp_a1_0 | G55: sp_a1_0 | I55: =_xlfn.XLOOKUP($F55,設計座標!$E$13:$E$2301,設計座標!$G$13:$G$2301,"n/a",0,1) -> 0.3694131 | J55: =_xlfn.XLOOKUP($F55,設計座標!$E$13:$E$2301,設計座標!$H$13:$H$2301,"n/a",0,1) -> 0 | K55: =_xlfn.XLOOKUP($F55,設計座標!$E$13:$E$2301,設計座標!$I$13:$I$2301,"n/a",0,1) -> -7031.3279 | L55: =_xlfn.XLOOKUP($F55,設計座標!$E$13:$E$2301,設計座標!$J$13:$J$2301,"n/a",0,1) -> -270 | M55: =J55 -> 0 | N55: =K55 -> -7031.3279 | O55: =L55 -> -270 | P55: =$L55+$T55 -> -269.29297 | Q55: =$N55-$K55 -> 0 | R55: =$N55-$K55 -> 0 | S55: =$O55-$L55 -> 0 | T55: =$S55+測地線補正!$Q$3*(lattice!$N55/1000)^3+測地線補正!$P$3*(lattice!$N55/1000)^2+測地線補正!$O$3*(lattice!$N55/1000)+測地線補正!$N$3 -> 0.70702538 | U55: 0 | V55: 0 | W55: 0 | X55: 759.065/186.3933 | Y55: =_xlfn.XLOOKUP($F55,設計座標!$E$13:$E$2301,設計座標!$L$13:$L$2301," ",0,1) -> 0 | Z55: 784.065/382.7431 | AD55: A1 (bx/by_a1_gc より) / AS (bm_a1_0c より)
A56: A1/AS | B56: A | C56: m | D56: d | F56: qd_a1_01 | G56: qd_a1_01 | I56: =_xlfn.XLOOKUP($F56,設計座標!$E$13:$E$2301,設計座標!$G$13:$G$2301,"n/a",0,1) -> 0.3924131 | J56: =_xlfn.XLOOKUP($F56,設計座標!$E$13:$E$2301,設計座標!$H$13:$H$2301,"n/a",0,1) -> 0 | K56: =_xlfn.XLOOKUP($F56,設計座標!$E$13:$E$2301,設計座標!$I$13:$I$2301,"n/a",0,1) -> -7008.3279 | L56: =_xlfn.XLOOKUP($F56,設計座標!$E$13:$E$2301,設計座標!$J$13:$J$2301,"n/a",0,1) -> -80 | M56: =J56 -> 0 | N56: =K56 -> -7008.3279 | O56: =L56 -> -80 | P56: =$L56+$T56 -> -79.2953 | Q56: =$N56-$K56 -> 0 | R56: =$N56-$K56 -> 0 | S56: =$O56-$L56 -> 0 | T56: =$S56+測地線補正!$Q$3*(lattice!$N56/1000)^3+測地線補正!$P$3*(lattice!$N56/1000)^2+測地線補正!$O$3*(lattice!$N56/1000)+測地線補正!$N$3 -> 0.7047002 | U56: 0 | V56: 0 | W56: 0 | X56: =$Z$57-($Y$57+$Y$55)/2 -> 13 | Y56: =_xlfn.XLOOKUP($F56,設計座標!$E$13:$E$2301,設計座標!$L$13:$L$2301," ",0,1) -> 50 | Z56: =SQRT(($M$57-$M$55)^2+($N$57-$N$55)^2) -> 38 | AA56: =_xlfn.XLOOKUP($G56,magnet_list!$A$2:$A$592,magnet_list!$AJ$2:$AJ$592,"n/a",0,1) -> 0.0736 | AB56: =_xlfn.XLOOKUP($G56,magnet_list!$A$2:$A$592,magnet_list!$L$2:$L$592,"n/a",0,1) -> 44
A57: A1/AS | B57: A | C57: m | D57: d | E57: a | F57: qd_a1_01c | G57: qd_a1_01 | I57: =_xlfn.XLOOKUP($F57,設計座標!$E$13:$E$2301,設計座標!$G$13:$G$2301,"n/a",0,1) -> 0.4074131 | J57: =_xlfn.XLOOKUP($F57,設計座標!$E$13:$E$2301,設計座標!$H$13:$H$2301,"n/a",0,1) -> 0 | K57: =_xlfn.XLOOKUP($F57,設計座標!$E$13:$E$2301,設計座標!$I$13:$I$2301,"n/a",0,1) -> -6993.3279 | L57: =_xlfn.XLOOKUP($F57,設計座標!$E$13:$E$2301,設計座標!$J$13:$J$2301,"n/a",0,1) -> -80 | M57: =J57 -> 0 | N57: =K57 -> -6993.3279 | O57: =L57 -> -80 | P57: =$L57+$T57 -> -79.296816 | Q57: =$N57-$K57 -> 0 | R57: =$N57-$K57 -> 0 | S57: =$O57-$L57 -> 0 | T57: =$S57+測地線補正!$Q$3*(lattice!$N57/1000)^3+測地線補正!$P$3*(lattice!$N57/1000)^2+測地線補正!$O$3*(lattice!$N57/1000)+測地線補正!$N$3 -> 0.70318416 | U57: 0 | V57: 0 | W57: 0 | X57: =$Z$57-($Y$57+$Y$55)/2 -> 13 | Y57: =_xlfn.XLOOKUP($F57,設計座標!$E$13:$E$2301,設計座標!$L$13:$L$2301," ",0,1) -> 50 | Z57: =SQRT(($M$57-$M$55)^2+($N$57-$N$55)^2) -> 38 | AA57: =_xlfn.XLOOKUP($G57,magnet_list!$A$2:$A$592,magnet_list!$AJ$2:$AJ$592,"n/a",0,1) -> 0.0736 | AB57: =_xlfn.XLOOKUP($G57,magnet_list!$A$2:$A$592,magnet_list!$L$2:$L$592,"n/a",0,1) -> 44
A58: AT | B58: A | C58: d | D58: d | E58: a | F58: sp_at_1 | G58: sp_at_1 | I58: =_xlfn.XLOOKUP($F58,設計座標!$E$13:$E$2301,設計座標!$G$13:$G$2301,"n/a",0,1) -> 0.23768335 | J58: =_xlfn.XLOOKUP($F58,設計座標!$E$13:$E$2301,設計座標!$H$13:$H$2301,"n/a",0,1) -> 0 | K58: =_xlfn.XLOOKUP($F58,設計座標!$E$13:$E$2301,設計座標!$I$13:$I$2301,"n/a",0,1) -> -7004.9578 | L58: =_xlfn.XLOOKUP($F58,設計座標!$E$13:$E$2301,設計座標!$J$13:$J$2301,"n/a",0,1) -> 480 | M58: =$J58+$Q58 -> 0.072257404 | N58: =K58 -> -7004.9578 | O58: =$L58+$S58 -> 477.62612 | P58: =$L58+$T58 -> 478.33048 | Q58: =(Q$59-Q$28)/($N$59-$N$28)*($N58-$N$28)+Q$28 -> 0.072257404 | R58: =$N58-$K58 -> 0 | S58: =(S$59-S$28)/($N$59-$N$28)*($N58-$N$28)+S$28 -> -2.3738789 | T58: =$S58+測地線補正!$Q$3*(lattice!$N58/1000)^3+測地線補正!$P$3*(lattice!$N58/1000)^2+測地線補正!$O$3*(lattice!$N58/1000)+測地線補正!$N$3 -> -1.6695193 | U58: 0 | V58: 0 | W58: 0 | X58: =SQRT(($M$58-$M$54)^2+($N$58-$N$54)^2) -> 88.822629 | Y58: =_xlfn.XLOOKUP($F58,設計座標!$E$13:$E$2301,設計座標!$L$13:$L$2301," ",0,1) -> 0 | Z58: =SQRT(($M$58-$M$47)^2+($N$58-$N$47)^2) -> 1033.5472
A59: AT | B59: A | C59: m | D59: s | F59: qd_at_11 | G59: qd_at_11 | I59: =_xlfn.XLOOKUP($F59,設計座標!$E$13:$E$2301,設計座標!$G$13:$G$2301,"n/a",0,1) -> 0.28816135 | J59: =_xlfn.XLOOKUP($F59,設計座標!$E$13:$E$2301,設計座標!$H$13:$H$2301,"n/a",0,1) -> 0 | K59: =_xlfn.XLOOKUP($F59,設計座標!$E$13:$E$2301,設計座標!$I$13:$I$2301,"n/a",0,1) -> -6954.4798 | L59: =_xlfn.XLOOKUP($F59,設計座標!$E$13:$E$2301,設計座標!$J$13:$J$2301,"n/a",0,1) -> 642 | M59: =_xlfn.XLOOKUP($F59,survey_data!$A$2:$A$833,survey_data!$B$2:$B$833,"n/a",0,1) -> 0.07103086 | N59: =_xlfn.XLOOKUP($F59,survey_data!$A$2:$A$833,survey_data!$C$2:$C$833,"n/a",0,1) -> -6954.4798 | O59: =_xlfn.XLOOKUP($F59,survey_data!$A$2:$A$833,survey_data!$D$2:$D$833,"n/a",0,1) -> 639.63319 | P59: =$L59+$T59 -> 640.33245 | Q59: =$M59-$J59 -> 0.07103086 | R59: =$N59-$K59 -> 0 | S59: =$O59-$L59 -> -2.3668101 | T59: =$S59+測地線補正!$Q$3*(lattice!$N59/1000)^3+測地線補正!$P$3*(lattice!$N59/1000)^2+測地線補正!$O$3*(lattice!$N59/1000)+測地線補正!$N$3 -> -1.667551 | U59: =ATAN(($P$60-$P$59)/ABS($N$60-$N$59)) -> 0.0001102049 | V59: 0 | W59: =-ATAN(($M$60-$M$59)/ABS($N$60-$N$59)) -> -0.00061023226 | X59: =$Z$60-($Y$60+$Y$58)/2 -> 30.478 | Y59: =_xlfn.XLOOKUP($F59,設計座標!$E$13:$E$2301,設計座標!$L$13:$L$2301," ",0,1) -> 50 | Z59: =SQRT(($M$60-$M$58)^2+($N$60-$N$58)^2) -> 55.478 | AA59: =_xlfn.XLOOKUP($G59,magnet_list!$A$2:$A$592,magnet_list!$AJ$2:$AJ$592,"n/a",0,1) -> 0.0725 | AB59: =_xlfn.XLOOKUP($G59,magnet_list!$A$2:$A$592,magnet_list!$L$2:$L$592,"n/a",0,1) -> 44
A60: AT | B60: A | C60: m | D60: d | E60: a | F60: qd_at_11c | G60: qd_at_11 | I60: =_xlfn.XLOOKUP($F60,設計座標!$E$13:$E$2301,設計座標!$G$13:$G$2301,"n/a",0,1) -> 0.29316135 | J60: =_xlfn.XLOOKUP($F60,設計座標!$E$13:$E$2301,設計座標!$H$13:$H$2301,"n/a",0,1) -> 0 | K60: =_xlfn.XLOOKUP($F60,設計座標!$E$13:$E$2301,設計座標!$I$13:$I$2301,"n/a",0,1) -> -6949.4798 | L60: =_xlfn.XLOOKUP($F60,設計座標!$E$13:$E$2301,設計座標!$J$13:$J$2301,"n/a",0,1) -> 642 | M60: =$J60+$Q60 -> 0.074082022 | N60: =K60 -> -6949.4798 | O60: =$L60+$S60 -> 639.63425 | P60: =$L60+$T60 -> 640.333 | Q60: =(Q$64-Q$59)/($N$64-$N$59)*($N60-$N$59)+Q$59 -> 0.074082022 | R60: =$N60-$K60 -> 0 | S60: =(S$64-S$59)/($N$64-$N$59)*($N60-$N$59)+S$59 -> -2.3657541 | T60: =$S60+測地線補正!$Q$3*(lattice!$N60/1000)^3+測地線補正!$P$3*(lattice!$N60/1000)^2+測地線補正!$O$3*(lattice!$N60/1000)+測地線補正!$N$3 -> -1.6669999 | U60: =ATAN(($P$60-$P$59)/ABS($N$60-$N$59)) -> 0.0001102049 | V60: 0 | W60: =-ATAN(($M$60-$M$59)/ABS($N$60-$N$59)) -> -0.00061023226 | X60: =$Z$60-($Y$60+$Y$58)/2 -> 30.478 | Y60: =_xlfn.XLOOKUP($F60,設計座標!$E$13:$E$2301,設計座標!$L$13:$L$2301," ",0,1) -> 50 | Z60: =SQRT(($M$60-$M$58)^2+($N$60-$N$58)^2) -> 55.478 | AA60: =_xlfn.XLOOKUP($G60,magnet_list!$A$2:$A$592,magnet_list!$AJ$2:$AJ$592,"n/a",0,1) -> 0.0725 | AB60: =_xlfn.XLOOKUP($G60,magnet_list!$A$2:$A$592,magnet_list!$L$2:$L$592,"n/a",0,1) -> 44
A61: A1/AS | B61: A | C61: m | D61: d | E61: a | F61: qf_a1_02c | G61: qf_a1_02 | I61: =_xlfn.XLOOKUP($F61,設計座標!$E$13:$E$2301,設計座標!$G$13:$G$2301,"n/a",0,1) -> 0.508057 | J61: =_xlfn.XLOOKUP($F61,設計座標!$E$13:$E$2301,設計座標!$H$13:$H$2301,"n/a",0,1) -> 0 | K61: =_xlfn.XLOOKUP($F61,設計座標!$E$13:$E$2301,設計座標!$I$13:$I$2301,"n/a",0,1) -> -6892.684 | L61: =_xlfn.XLOOKUP($F61,設計座標!$E$13:$E$2301,設計座標!$J$13:$J$2301,"n/a",0,1) -> -80 | M61: =J61 -> 0 | N61: =K61 -> -6892.684 | O61: =L61 -> -80 | P61: =$L61+$T61 -> -79.30698 | Q61: =$N61-$K61 -> 0 | R61: =$N61-$K61 -> 0 | S61: =$O61-$L61 -> 0 | T61: =$S61+測地線補正!$Q$3*(lattice!$N61/1000)^3+測地線補正!$P$3*(lattice!$N61/1000)^2+測地線補正!$O$3*(lattice!$N61/1000)+測地線補正!$N$3 -> 0.69301977 | U61: 0 | V61: 0 | W61: 0 | X61: =$Z$61-($Y$61+$Y$57)/2 -> 50.6439 | Y61: =_xlfn.XLOOKUP($F61,設計座標!$E$13:$E$2301,設計座標!$L$13:$L$2301," ",0,1) -> 50 | Z61: =SQRT(($M$61-$M$57)^2+($N$61-$N$57)^2) -> 100.6439 | AA61: =_xlfn.XLOOKUP($G61,magnet_list!$A$2:$A$592,magnet_list!$AJ$2:$AJ$592,"n/a",0,1) -> 0.0736 | AB61: =_xlfn.XLOOKUP($G61,magnet_list!$A$2:$A$592,magnet_list!$L$2:$L$592,"n/a",0,1) -> 44
A62: A1/AS | B62: A | C62: m | D62: d | F62: qf_a1_02 | G62: qf_a1_02 | I62: =_xlfn.XLOOKUP($F62,設計座標!$E$13:$E$2301,設計座標!$G$13:$G$2301,"n/a",0,1) -> 0.523057 | J62: =_xlfn.XLOOKUP($F62,設計座標!$E$13:$E$2301,設計座標!$H$13:$H$2301,"n/a",0,1) -> 0 | K62: =_xlfn.XLOOKUP($F62,設計座標!$E$13:$E$2301,設計座標!$I$13:$I$2301,"n/a",0,1) -> -6877.684 | L62: =_xlfn.XLOOKUP($F62,設計座標!$E$13:$E$2301,設計座標!$J$13:$J$2301,"n/a",0,1) -> -80 | M62: =J62 -> 0 | N62: =K62 -> -6877.684 | O62: =L62 -> -80 | P62: =$L62+$T62 -> -79.308494 | Q62: =$N62-$K62 -> 0 | R62: =$N62-$K62 -> 0 | S62: =$O62-$L62 -> 0 | T62: =$S62+測地線補正!$Q$3*(lattice!$N62/1000)^3+測地線補正!$P$3*(lattice!$N62/1000)^2+測地線補正!$O$3*(lattice!$N62/1000)+測地線補正!$N$3 -> 0.691506 | U62: 0 | V62: 0 | W62: 0 | X62: =$Z$61-($Y$61+$Y$57)/2 -> 50.6439 | Y62: =_xlfn.XLOOKUP($F62,設計座標!$E$13:$E$2301,設計座標!$L$13:$L$2301," ",0,1) -> 50 | Z62: =SQRT(($M$61-$M$57)^2+($N$61-$N$57)^2) -> 100.6439 | AA62: =_xlfn.XLOOKUP($G62,magnet_list!$A$2:$A$592,magnet_list!$AJ$2:$AJ$592,"n/a",0,1) -> 0.0736 | AB62: =_xlfn.XLOOKUP($G62,magnet_list!$A$2:$A$592,magnet_list!$L$2:$L$592,"n/a",0,1) -> 44
A63: A1/AS | B63: A | C63: d | D63: d | E63: a | F63: sc_a1_0 | G63: sc_a1_0 | I63: =_xlfn.XLOOKUP($F63,設計座標!$E$13:$E$2301,設計座標!$G$13:$G$2301,"n/a",0,1) -> 0.628057 | J63: =_xlfn.XLOOKUP($F63,設計座標!$E$13:$E$2301,設計座標!$H$13:$H$2301,"n/a",0,1) -> 0 | K63: =_xlfn.XLOOKUP($F63,設計座標!$E$13:$E$2301,設計座標!$I$13:$I$2301,"n/a",0,1) -> -6772.684 | L63: =_xlfn.XLOOKUP($F63,設計座標!$E$13:$E$2301,設計座標!$J$13:$J$2301,"n/a",0,1) -> -270 | M63: =J63 -> 0 | N63: =K63 -> -6772.684 | O63: =L63 -> -270 | P63: =$L63+$T63 -> -269.31908 | Q63: =$N63-$K63 -> 0 | R63: =$N63-$K63 -> 0 | S63: =$O63-$L63 -> 0 | T63: =$S63+測地線補正!$Q$3*(lattice!$N63/1000)^3+測地線補正!$P$3*(lattice!$N63/1000)^2+測地線補正!$O$3*(lattice!$N63/1000)+測地線補正!$N$3 -> 0.68091792 | U63: 0 | V63: 0 | W63: 0 | X63: =$Z$63-($Y$63+$Y$61)/2 -> 95 | Y63: =_xlfn.XLOOKUP($F63,設計座標!$E$13:$E$2301,設計座標!$L$13:$L$2301," ",0,1) -> 0 | Z63: =SQRT(($M$63-$M$61)^2+($N$63-$N$61)^2) -> 120
A64: AT | B64: A | C64: m | D64: s | F64: qf_at_12 | G64: qf_at_12 | I64: =_xlfn.XLOOKUP($F64,設計座標!$E$13:$E$2301,設計座標!$G$13:$G$2301,"n/a",0,1) -> 0.43755204 | J64: =_xlfn.XLOOKUP($F64,設計座標!$E$13:$E$2301,設計座標!$H$13:$H$2301,"n/a",0,1) -> 0 | K64: =_xlfn.XLOOKUP($F64,設計座標!$E$13:$E$2301,設計座標!$I$13:$I$2301,"n/a",0,1) -> -6805.0891 | L64: =_xlfn.XLOOKUP($F64,設計座標!$E$13:$E$2301,設計座標!$J$13:$J$2301,"n/a",0,1) -> 642 | M64: =_xlfn.XLOOKUP($F64,survey_data!$A$2:$A$833,survey_data!$B$2:$B$833,"n/a",0,1) -> 0.16219389 | N64: =_xlfn.XLOOKUP($F64,survey_data!$A$2:$A$833,survey_data!$C$2:$C$833,"n/a",0,1) -> -6805.0891 | O64: =_xlfn.XLOOKUP($F64,survey_data!$A$2:$A$833,survey_data!$D$2:$D$833,"n/a",0,1) -> 639.66474 | P64: =$L64+$T64 -> 640.34893 | Q64: =$M64-$J64 -> 0.16219389 | R64: =$N64-$K64 -> 0 | S64: =$O64-$L64 -> -2.3352573 | T64: =$S64+測地線補正!$Q$3*(lattice!$N64/1000)^3+測地線補正!$P$3*(lattice!$N64/1000)^2+測地線補正!$O$3*(lattice!$N64/1000)+測地線補正!$N$3 -> -1.6510732 | U64: =ATAN(($P$65-$P$64)/ABS($N$65-$N$64)) -> 0.00017488646 | V64: 0 | W64: =-ATAN(($M$65-$M$64)/ABS($N$65-$N$64)) -> -6.6574631e-05 | X64: =$Z$65-($Y$65+$Y$59)/2 -> 99.390715 | Y64: =_xlfn.XLOOKUP($F64,設計座標!$E$13:$E$2301,設計座標!$L$13:$L$2301," ",0,1) -> 100 | Z64: =SQRT(($M$65-$M$60)^2+($N$65-$N$60)^2) -> 174.39071 | AA64: =_xlfn.XLOOKUP($G64,magnet_list!$A$2:$A$592,magnet_list!$AJ$2:$AJ$592,"n/a",0,1) -> 0.122 | AB64: =_xlfn.XLOOKUP($G64,magnet_list!$A$2:$A$592,magnet_list!$L$2:$L$592,"n/a",0,1) -> 44
A65: AT | B65: A | C65: m | D65: d | E65: a | F65: qf_at_12c | G65: qf_at_12 | I65: =_xlfn.XLOOKUP($F65,設計座標!$E$13:$E$2301,設計座標!$G$13:$G$2301,"n/a",0,1) -> 0.46755204 | J65: =_xlfn.XLOOKUP($F65,設計座標!$E$13:$E$2301,設計座標!$H$13:$H$2301,"n/a",0,1) -> 0 | K65: =_xlfn.XLOOKUP($F65,設計座標!$E$13:$E$2301,設計座標!$I$13:$I$2301,"n/a",0,1) -> -6775.0891 | L65: =_xlfn.XLOOKUP($F65,設計座標!$E$13:$E$2301,設計座標!$J$13:$J$2301,"n/a",0,1) -> 642 | M65: =$J65+$Q65 -> 0.16419113 | N65: =K65 -> -6775.0891 | O65: =$L65+$S65 -> 639.67301 | P65: =$L65+$T65 -> 640.35417 | Q65: =(Q$70-Q$64)/($N$70-$N$64)*($N65-$N$64)+Q$64 -> 0.16419113 | R65: =$N65-$K65 -> 0 | S65: =(S$70-S$64)/($N$70-$N$64)*($N65-$N$64)+S$64 -> -2.3269869 | T65: =$S65+測地線補正!$Q$3*(lattice!$N65/1000)^3+測地線補正!$P$3*(lattice!$N65/1000)^2+測地線補正!$O$3*(lattice!$N65/1000)+測地線補正!$N$3 -> -1.6458266 | U65: =ATAN(($P$65-$P$64)/ABS($N$65-$N$64)) -> 0.00017488646 | V65: 0 | W65: =-ATAN(($M$65-$M$64)/ABS($N$65-$N$64)) -> -6.6574631e-05 | X65: =$Z$65-($Y$65+$Y$59)/2 -> 99.390715 | Y65: =_xlfn.XLOOKUP($F65,設計座標!$E$13:$E$2301,設計座標!$L$13:$L$2301," ",0,1) -> 100 | Z65: =SQRT(($M$65-$M$60)^2+($N$65-$N$60)^2) -> 174.39071 | AA65: =_xlfn.XLOOKUP($G65,magnet_list!$A$2:$A$592,magnet_list!$AJ$2:$AJ$592,"n/a",0,1) -> 0.122 | AB65: =_xlfn.XLOOKUP($G65,magnet_list!$A$2:$A$592,magnet_list!$L$2:$L$592,"n/a",0,1) -> 44
A66: A1/AS | B66: A | C66: a | D66: d | E66: a | F66: ac_a1_1u | G66: ac_a1_1 | I66: =_xlfn.XLOOKUP($F66,設計座標!$E$13:$E$2301,設計座標!$G$13:$G$2301,"n/a",0,1) -> 0.7689031 | J66: =_xlfn.XLOOKUP($F66,設計座標!$E$13:$E$2301,設計座標!$H$13:$H$2301,"n/a",0,1) -> 0 | K66: =_xlfn.XLOOKUP($F66,設計座標!$E$13:$E$2301,設計座標!$I$13:$I$2301,"n/a",0,1) -> -6631.8379 | L66: =_xlfn.XLOOKUP($F66,設計座標!$E$13:$E$2301,設計座標!$J$13:$J$2301,"n/a",0,1) -> -270 | M66: =J66 -> 0 | N66: =K66 -> -6631.8379 | O66: =L66 -> -270 | P66: =$L66+$T66 -> -269.33326 | Q66: =$N66-$K66 -> 0 | R66: =$N66-$K66 -> 0 | S66: =$O66-$L66 -> 0 | T66: =$S66+測地線補正!$Q$3*(lattice!$N66/1000)^3+測地線補正!$P$3*(lattice!$N66/1000)^2+測地線補正!$O$3*(lattice!$N66/1000)+測地線補正!$N$3 -> 0.66673783 | U66: 0 | V66: 0 | W66: 0 | X66: =SQRT(($M$66-$M$63)^2+($N$66-$N$63)^2) -> 140.8461 | Y66: =_xlfn.XLOOKUP($F66,設計座標!$E$13:$E$2301,設計座標!$L$13:$L$2301," ",0,1) -> 1889.4492 | Z66: =SQRT(($M$75-$M$67)^2+($N$75-$N$67)^2) -> 311.23
A67: A1/AS | B67: A | C67: sa | D67: d | E67: a | F67: sx_a1_1 | G67: sx_a1_1 | I67: =_xlfn.XLOOKUP($F67,設計座標!$E$13:$E$2301,設計座標!$G$13:$G$2301,"n/a",0,1) -> 1.4049031 | J67: =_xlfn.XLOOKUP($F67,設計座標!$E$13:$E$2301,設計座標!$H$13:$H$2301,"n/a",0,1) -> 0 | K67: =_xlfn.XLOOKUP($F67,設計座標!$E$13:$E$2301,設計座標!$I$13:$I$2301,"n/a",0,1) -> -5995.8379 | L67: =_xlfn.XLOOKUP($F67,設計座標!$E$13:$E$2301,設計座標!$J$13:$J$2301,"n/a",0,1) -> -270 | M67: =J67 -> 0 | N67: =K67 -> -5995.8379 | O67: =L67 -> -270 | P67: =$L67+$T67 -> -269.39697 | Q67: =$N67-$K67 -> 0 | R67: =$N67-$K67 -> 0 | S67: =$O67-$L67 -> 0 | T67: =$S67+測地線補正!$Q$3*(lattice!$N67/1000)^3+測地線補正!$P$3*(lattice!$N67/1000)^2+測地線補正!$O$3*(lattice!$N67/1000)+測地線補正!$N$3 -> 0.60302848 | U67: 0 | V67: 0 | W67: 0 | X67: n/a | Y67: =_xlfn.XLOOKUP($F67,設計座標!$E$13:$E$2301,設計座標!$L$13:$L$2301," ",0,1) -> 0 | Z67: =SQRT(($M$67-$M$63)^2+($N$67-$N$63)^2) -> 776.8461 | AA67: =_xlfn.XLOOKUP($G67,magnet_list!$A$2:$A$592,magnet_list!$AJ$2:$AJ$592,"n/a",0,1) -> 0.9501 | AB67: =_xlfn.XLOOKUP($G67,magnet_list!$A$2:$A$592,magnet_list!$L$2:$L$592,"n/a",0,1) -> 120
A68: A1/AS | B68: A | C68: sa | D68: d | E68: a | F68: sy_a1_1 | G68: sy_a1_1 | I68: =_xlfn.XLOOKUP($F68,設計座標!$E$13:$E$2301,設計座標!$G$13:$G$2301,"n/a",0,1) -> 1.4049031 | J68: =_xlfn.XLOOKUP($F68,設計座標!$E$13:$E$2301,設計座標!$H$13:$H$2301,"n/a",0,1) -> 0 | K68: =_xlfn.XLOOKUP($F68,設計座標!$E$13:$E$2301,設計座標!$I$13:$I$2301,"n/a",0,1) -> -5995.8379 | L68: =_xlfn.XLOOKUP($F68,設計座標!$E$13:$E$2301,設計座標!$J$13:$J$2301,"n/a",0,1) -> -270 | M68: =J68 -> 0 | N68: =K68 -> -5995.8379 | O68: =L68 -> -270 | P68: =$L68+$T68 -> -269.39697 | Q68: =$N68-$K68 -> 0 | R68: =$N68-$K68 -> 0 | S68: =$O68-$L68 -> 0 | T68: =$S68+測地線補正!$Q$3*(lattice!$N68/1000)^3+測地線補正!$P$3*(lattice!$N68/1000)^2+測地線補正!$O$3*(lattice!$N68/1000)+測地線補正!$N$3 -> 0.60302848 | U68: 0 | V68: 0 | W68: 0 | X68: n/a | Y68: =_xlfn.XLOOKUP($F68,設計座標!$E$13:$E$2301,設計座標!$L$13:$L$2301," ",0,1) -> 0 | Z68: =SQRT(($M$67-$M$63)^2+($N$67-$N$63)^2) -> 776.8461 | AA68: =_xlfn.XLOOKUP($G68,magnet_list!$A$2:$A$592,magnet_list!$AJ$2:$AJ$592,"n/a",0,1) -> 0.9501 | AB68: =_xlfn.XLOOKUP($G68,magnet_list!$A$2:$A$592,magnet_list!$L$2:$L$592,"n/a",0,1) -> 120
A69: AT | B69: A | C69: m | D69: d | E69: a | F69: qd_at_13c | G69: qd_at_13 | I69: =_xlfn.XLOOKUP($F69,設計座標!$E$13:$E$2301,設計座標!$G$13:$G$2301,"n/a",0,1) -> 0.64286623 | J69: =_xlfn.XLOOKUP($F69,設計座標!$E$13:$E$2301,設計座標!$H$13:$H$2301,"n/a",0,1) -> 0 | K69: =_xlfn.XLOOKUP($F69,設計座標!$E$13:$E$2301,設計座標!$I$13:$I$2301,"n/a",0,1) -> -6599.7749 | L69: =_xlfn.XLOOKUP($F69,設計座標!$E$13:$E$2301,設計座標!$J$13:$J$2301,"n/a",0,1) -> 642 | M69: =$J69+$Q69 -> 0.17586261 | N69: =K69 -> -6599.7749 | O69: =$L69+$S69 -> 639.72134 | P69: =$L69+$T69 -> 640.38486 | Q69: =(Q$70-Q$64)/($N$70-$N$64)*($N69-$N$64)+Q$64 -> 0.17586261 | R69: =$N69-$K69 -> 0 | S69: =(S$70-S$64)/($N$70-$N$64)*($N69-$N$64)+S$64 -> -2.2786564 | T69: =$S69+測地線補正!$Q$3*(lattice!$N69/1000)^3+測地線補正!$P$3*(lattice!$N69/1000)^2+測地線補正!$O$3*(lattice!$N69/1000)+測地線補正!$N$3 -> -1.615143 | U69: =ATAN(($P$70-$P$69)/ABS($N$70-$N$69)) -> 0.00017513871 | V69: 0 | W69: =-ATAN(($M$70-$M$69)/ABS($N$70-$N$69)) -> -6.6574631e-05 | X69: =$Z$69-($Y$69+$Y$65)/2 -> 100.3142 | Y69: =_xlfn.XLOOKUP($F69,設計座標!$E$13:$E$2301,設計座標!$L$13:$L$2301," ",0,1) -> 50 | Z69: =SQRT(($M$69-$M$65)^2+($N$69-$N$65)^2) -> 175.3142 | AA69: =_xlfn.XLOOKUP($G69,magnet_list!$A$2:$A$592,magnet_list!$AJ$2:$AJ$592,"n/a",0,1) -> 0.0725 | AB69: =_xlfn.XLOOKUP($G69,magnet_list!$A$2:$A$592,magnet_list!$L$2:$L$592,"n/a",0,1) -> 44
A70: AT | B70: A | C70: m | D70: s | F70: qd_at_13 | G70: qd_at_13 | I70: =_xlfn.XLOOKUP($F70,設計座標!$E$13:$E$2301,設計座標!$G$13:$G$2301,"n/a",0,1) -> 0.64786623 | J70: =_xlfn.XLOOKUP($F70,設計座標!$E$13:$E$2301,設計座標!$H$13:$H$2301,"n/a",0,1) -> 0 | K70: =_xlfn.XLOOKUP($F70,設計座標!$E$13:$E$2301,設計座標!$I$13:$I$2301,"n/a",0,1) -> -6594.7749 | L70: =_xlfn.XLOOKUP($F70,設計座標!$E$13:$E$2301,設計座標!$J$13:$J$2301,"n/a",0,1) -> 642 | M70: =_xlfn.XLOOKUP($F70,survey_data!$A$2:$A$833,survey_data!$B$2:$B$833,"n/a",0,1) -> 0.17619548 | N70: =_xlfn.XLOOKUP($F70,survey_data!$A$2:$A$833,survey_data!$C$2:$C$833,"n/a",0,1) -> -6594.7749 | O70: =_xlfn.XLOOKUP($F70,survey_data!$A$2:$A$833,survey_data!$D$2:$D$833,"n/a",0,1) -> 639.72272 | P70: =$L70+$T70 -> 640.38573 | Q70: =$M70-$J70 -> 0.17619548 | R70: =$N70-$K70 -> 0 | S70: =$O70-$L70 -> -2.277278 | T70: =$S70+測地線補正!$Q$3*(lattice!$N70/1000)^3+測地線補正!$P$3*(lattice!$N70/1000)^2+測地線補正!$O$3*(lattice!$N70/1000)+測地線補正!$N$3 -> -1.6142673 | U70: =ATAN(($P$70-$P$69)/ABS($N$70-$N$69)) -> 0.00017513871 | V70: 0 | W70: =-ATAN(($M$70-$M$69)/ABS($N$70-$N$69)) -> -6.6574631e-05 | X70: =$Z$69-($Y$69+$Y$65)/2 -> 100.3142 | Y70: =_xlfn.XLOOKUP($F70,設計座標!$E$13:$E$2301,設計座標!$L$13:$L$2301," ",0,1) -> 50 | Z70: =SQRT(($M$69-$M$65)^2+($N$69-$N$65)^2) -> 175.3142 | AA70: =_xlfn.XLOOKUP($G70,magnet_list!$A$2:$A$592,magnet_list!$AJ$2:$AJ$592,"n/a",0,1) -> 0.0725 | AB70: =_xlfn.XLOOKUP($G70,magnet_list!$A$2:$A$592,magnet_list!$L$2:$L$592,"n/a",0,1) -> 44
A71: AT | B71: A | C71: d | D71: d | E71: a | F71: sc_at_1 | G71: sc_at_1 | I71: =_xlfn.XLOOKUP($F71,設計座標!$E$13:$E$2301,設計座標!$G$13:$G$2301,"n/a",0,1) -> 0.76036623 | J71: =_xlfn.XLOOKUP($F71,設計座標!$E$13:$E$2301,設計座標!$H$13:$H$2301,"n/a",0,1) -> 0 | K71: =_xlfn.XLOOKUP($F71,設計座標!$E$13:$E$2301,設計座標!$I$13:$I$2301,"n/a",0,1) -> -6482.2749 | L71: =_xlfn.XLOOKUP($F71,設計座標!$E$13:$E$2301,設計座標!$J$13:$J$2301,"n/a",0,1) -> 480 | M71: =$J71+$Q71 -> 0.16813389 | N71: =K71 -> -6482.2749 | O71: =$L71+$S71 -> 477.81782 | P71: =$L71+$T71 -> 478.46953 | Q71: =(Q$88-Q$70)/($N$88-$N$70)*($N71-$N$70)+Q$70 -> 0.16813389 | R71: =$N71-$K71 -> 0 | S71: =(S$88-S$70)/($N$88-$N$70)*($N71-$N$70)+S$70 -> -2.1821804 | T71: =$S71+測地線補正!$Q$3*(lattice!$N71/1000)^3+測地線補正!$P$3*(lattice!$N71/1000)^2+測地線補正!$O$3*(lattice!$N71/1000)+測地線補正!$N$3 -> -1.5304719 | U71: 0 | V71: 0 | W71: 0 | X71: =$Z$71-($Y$71+$Y$69)/2 -> 92.5 | Y71: =_xlfn.XLOOKUP($F71,設計座標!$E$13:$E$2301,設計座標!$L$13:$L$2301," ",0,1) -> 0 | Z71: =SQRT(($M$71-$M$69)^2+($N$71-$N$69)^2) -> 117.5
A72: AT | B72: A | C72: a | D72: d | E72: a | F72: ac_at_2u | G72: ac_at_2 | I72: =_xlfn.XLOOKUP($F72,設計座標!$E$13:$E$2301,設計座標!$G$13:$G$2301,"n/a",0,1) -> 1.0073015 | J72: =_xlfn.XLOOKUP($F72,設計座標!$E$13:$E$2301,設計座標!$H$13:$H$2301,"n/a",0,1) -> 0 | K72: =_xlfn.XLOOKUP($F72,設計座標!$E$13:$E$2301,設計座標!$I$13:$I$2301,"n/a",0,1) -> -6235.3396 | L72: =_xlfn.XLOOKUP($F72,設計座標!$E$13:$E$2301,設計座標!$J$13:$J$2301,"n/a",0,1) -> 480 | M72: =$J72+$Q72 -> 0.15043886 | N72: =K72 -> -6235.3396 | O72: =$L72+$S72 -> 478.02656 | P72: =$L72+$T72 -> 478.65352 | Q72: =(Q$88-Q$70)/($N$88-$N$70)*($N72-$N$70)+Q$70 -> 0.15043886 | R72: =$N72-$K72 -> 0 | S72: =(S$88-S$70)/($N$88-$N$70)*($N72-$N$70)+S$70 -> -1.9734431 | T72: =$S72+測地線補正!$Q$3*(lattice!$N72/1000)^3+測地線補正!$P$3*(lattice!$N72/1000)^2+測地線補正!$O$3*(lattice!$N72/1000)+測地線補正!$N$3 -> -1.3464849 | U72: =ATAN(($P$83-$P$72)/ABS($N$83-$N$72)) -> 0.00074645244 | V72: 0 | W72: =-ATAN(($M$83-$M$72)/ABS($N$83-$N$72)) -> 7.1658581e-05 | X72: =SQRT(($M$72-$M$71)^2+($N$72-$N$71)^2) -> 246.93528 | Y72: =_xlfn.XLOOKUP($F72,設計座標!$E$13:$E$2301,設計座標!$L$13:$L$2301," ",0,1) -> 1889.4492 | Z72: =SQRT(($M$76-$M$73)^2+($N$76-$N$73)^2) -> 261.24
A73: AT | B73: A | C73: sa | D73: d | E73: a | F73: sx_at_2 | G73: sx_at_2 | I73: =_xlfn.XLOOKUP($F73,設計座標!$E$13:$E$2301,設計座標!$G$13:$G$2301,"n/a",0,1) -> 1.6907861 | J73: =_xlfn.XLOOKUP($F73,設計座標!$E$13:$E$2301,設計座標!$H$13:$H$2301,"n/a",0,1) -> 0 | K73: =_xlfn.XLOOKUP($F73,設計座標!$E$13:$E$2301,設計座標!$I$13:$I$2301,"n/a",0,1) -> -5551.855 | L73: =_xlfn.XLOOKUP($F73,設計座標!$E$13:$E$2301,設計座標!$J$13:$J$2301,"n/a",0,1) -> 480 | M73: =$J73+$Q73 -> 0.10146132 | N73: =K73 -> -5551.855 | O73: =$L73+$S73 -> 478.60431 | P73: =$L73+$T73 -> 479.16318 | Q73: =(Q$88-Q$70)/($N$88-$N$70)*($N73-$N$70)+Q$70 -> 0.10146132 | R73: =$N73-$K73 -> 0 | S73: =(S$88-S$70)/($N$88-$N$70)*($N73-$N$70)+S$70 -> -1.3956854 | T73: =$S73+測地線補正!$Q$3*(lattice!$N73/1000)^3+測地線補正!$P$3*(lattice!$N73/1000)^2+測地線補正!$O$3*(lattice!$N73/1000)+測地線補正!$N$3 -> -0.83682172 | U73: =ATAN(($P$83-$P$72)/ABS($N$83-$N$72)) -> 0.00074645244 | V73: 0 | W73: =-ATAN(($M$83-$M$72)/ABS($N$83-$N$72)) -> 7.1658581e-05 | X73: n/a | Y73: =_xlfn.XLOOKUP($F73,設計座標!$E$13:$E$2301,設計座標!$L$13:$L$2301," ",0,1) -> 0 | Z73: =SQRT(($M$73-$M$71)^2+($N$73-$N$71)^2) -> 930.41988 | AA73: 0.9501 | AB73: 44
A74: AT | B74: A | C74: sa | D74: d | E74: a | F74: sy_at_2 | G74: sy_at_2 | I74: =_xlfn.XLOOKUP($F74,設計座標!$E$13:$E$2301,設計座標!$G$13:$G$2301,"n/a",0,1) -> 1.6907861 | J74: =_xlfn.XLOOKUP($F74,設計座標!$E$13:$E$2301,設計座標!$H$13:$H$2301,"n/a",0,1) -> 0 | K74: =_xlfn.XLOOKUP($F74,設計座標!$E$13:$E$2301,設計座標!$I$13:$I$2301,"n/a",0,1) -> -5551.855 | L74: =_xlfn.XLOOKUP($F74,設計座標!$E$13:$E$2301,設計座標!$J$13:$J$2301,"n/a",0,1) -> 480 | M74: =$J74+$Q74 -> 0.10146132 | N74: =K74 -> -5551.855 | O74: =$L74+$S74 -> 478.60431 | P74: =$L74+$T74 -> 479.16318 | Q74: =(Q$88-Q$70)/($N$88-$N$70)*($N74-$N$70)+Q$70 -> 0.10146132 | R74: =$N74-$K74 -> 0 | S74: =(S$88-S$70)/($N$88-$N$70)*($N74-$N$70)+S$70 -> -1.3956854 | T74: =$S74+測地線補正!$Q$3*(lattice!$N74/1000)^3+測地線補正!$P$3*(lattice!$N74/1000)^2+測地線補正!$O$3*(lattice!$N74/1000)+測地線補正!$N$3 -> -0.83682172 | U74: =ATAN(($P$83-$P$72)/ABS($N$83-$N$72)) -> 0.00074645244 | V74: 0 | W74: =-ATAN(($M$83-$M$72)/ABS($N$83-$N$72)) -> 7.1658581e-05 | X74: n/a | Y74: =_xlfn.XLOOKUP($F74,設計座標!$E$13:$E$2301,設計座標!$L$13:$L$2301," ",0,1) -> 0 | Z74: =SQRT(($M$73-$M$71)^2+($N$73-$N$71)^2) -> 930.41988 | AA74: 0.9501 | AB74: 120
A75: A1/AS | B75: A | C75: a | D75: d | E75: a | F75: ac_a1_1c | G75: ac_a1_1 | I75: =_xlfn.XLOOKUP($F75,設計座標!$E$13:$E$2301,設計座標!$G$13:$G$2301,"n/a",0,1) -> 1.7161331 | J75: =_xlfn.XLOOKUP($F75,設計座標!$E$13:$E$2301,設計座標!$H$13:$H$2301,"n/a",0,1) -> 0 | K75: =_xlfn.XLOOKUP($F75,設計座標!$E$13:$E$2301,設計座標!$I$13:$I$2301,"n/a",0,1) -> -5684.6079 | L75: =_xlfn.XLOOKUP($F75,設計座標!$E$13:$E$2301,設計座標!$J$13:$J$2301,"n/a",0,1) -> -270 | M75: =J75 -> 0 | N75: =K75 -> -5684.6079 | O75: =L75 -> -270 | P75: =$L75+$T75 -> -269.42796 | Q75: =$N75-$K75 -> 0 | R75: =$N75-$K75 -> 0 | S75: =$O75-$L75 -> 0 | T75: =$S75+測地線補正!$Q$3*(lattice!$N75/1000)^3+測地線補正!$P$3*(lattice!$N75/1000)^2+測地線補正!$O$3*(lattice!$N75/1000)+測地線補正!$N$3 -> 0.57204265 | U75: 0 | V75: 0 | W75: 0 | X75: n/a | Y75: =_xlfn.XLOOKUP($F75,設計座標!$E$13:$E$2301,設計座標!$L$13:$L$2301," ",0,1) -> 1889.4492 | Z75: =SQRT(($M$75-$M$67)^2+($N$75-$N$67)^2) -> 311.23
A76: AT | B76: A | C76: a | D76: d | E76: a | F76: ac_at_2c | G76: ac_at_2 | I76: =_xlfn.XLOOKUP($F76,設計座標!$E$13:$E$2301,設計座標!$G$13:$G$2301,"n/a",0,1) -> 1.9520261 | J76: =_xlfn.XLOOKUP($F76,設計座標!$E$13:$E$2301,設計座標!$H$13:$H$2301,"n/a",0,1) -> 0 | K76: =_xlfn.XLOOKUP($F76,設計座標!$E$13:$E$2301,設計座標!$I$13:$I$2301,"n/a",0,1) -> -5290.615 | L76: =_xlfn.XLOOKUP($F76,設計座標!$E$13:$E$2301,設計座標!$J$13:$J$2301,"n/a",0,1) -> 480 | M76: =$J76+$Q76 -> 0.082741234 | N76: =K76 -> -5290.615 | O76: =$L76+$S76 -> 478.82514 | P76: =$L76+$T76 -> 479.35814 | Q76: =(Q$88-Q$70)/($N$88-$N$70)*($N76-$N$70)+Q$70 -> 0.082741234 | R76: =$N76-$K76 -> 0 | S76: =(S$88-S$70)/($N$88-$N$70)*($N76-$N$70)+S$70 -> -1.1748562 | T76: =$S76+測地線補正!$Q$3*(lattice!$N76/1000)^3+測地線補正!$P$3*(lattice!$N76/1000)^2+測地線補正!$O$3*(lattice!$N76/1000)+測地線補正!$N$3 -> -0.64186101 | U76: =ATAN(($P$83-$P$72)/ABS($N$83-$N$72)) -> 0.00074645244 | V76: 0 | W76: =-ATAN(($M$83-$M$72)/ABS($N$83-$N$72)) -> 7.1658581e-05 | X76: n/a | Y76: =_xlfn.XLOOKUP($F76,設計座標!$E$13:$E$2301,設計座標!$L$13:$L$2301," ",0,1) -> 1889.4492 | Z76: =SQRT(($M$76-$M$73)^2+($N$76-$N$73)^2) -> 261.24
A77: A1/AS | B77: A | C77: a | D77: d | E77: a | F77: ac_a1_1d | G77: ac_a1_1 | I77: =_xlfn.XLOOKUP($F77,設計座標!$E$13:$E$2301,設計座標!$G$13:$G$2301,"n/a",0,1) -> 2.6633731 | J77: =_xlfn.XLOOKUP($F77,設計座標!$E$13:$E$2301,設計座標!$H$13:$H$2301,"n/a",0,1) -> 0 | K77: =_xlfn.XLOOKUP($F77,設計座標!$E$13:$E$2301,設計座標!$I$13:$I$2301,"n/a",0,1) -> -4737.3679 | L77: =_xlfn.XLOOKUP($F77,設計座標!$E$13:$E$2301,設計座標!$J$13:$J$2301,"n/a",0,1) -> -270 | M77: =J77 -> 0 | N77: =K77 -> -4737.3679 | O77: =L77 -> -270 | P77: =$L77+$T77 -> -269.5215 | Q77: =$N77-$K77 -> 0 | R77: =$N77-$K77 -> 0 | S77: =$O77-$L77 -> 0 | T77: =$S77+測地線補正!$Q$3*(lattice!$N77/1000)^3+測地線補正!$P$3*(lattice!$N77/1000)^2+測地線補正!$O$3*(lattice!$N77/1000)+測地線補正!$N$3 -> 0.47849776 | U77: 0 | V77: 0 | W77: 0 | X77: n/a | Y77: =_xlfn.XLOOKUP($F77,設計座標!$E$13:$E$2301,設計座標!$L$13:$L$2301," ",0,1) -> 1889.4492 | Z77: =SQRT(($M$75-$M$67)^2+($N$75-$N$67)^2) -> 311.23
A78: A1/AS | B78: A | C78: d | D78: d | E78: a | F78: sp_a1_1 | G78: sp_a1_1 | I78: =_xlfn.XLOOKUP($F78,設計座標!$E$13:$E$2301,設計座標!$G$13:$G$2301,"n/a",0,1) -> 2.7588731 | J78: =_xlfn.XLOOKUP($F78,設計座標!$E$13:$E$2301,設計座標!$H$13:$H$2301,"n/a",0,1) -> 0 | K78: =_xlfn.XLOOKUP($F78,設計座標!$E$13:$E$2301,設計座標!$I$13:$I$2301,"n/a",0,1) -> -4641.8679 | L78: =_xlfn.XLOOKUP($F78,設計座標!$E$13:$E$2301,設計座標!$J$13:$J$2301,"n/a",0,1) -> -270 | M78: =J78 -> 0 | N78: =K78 -> -4641.8679 | O78: =L78 -> -270 | P78: =$L78+$T78 -> -269.53087 | Q78: =$N78-$K78 -> 0 | R78: =$N78-$K78 -> 0 | S78: =$O78-$L78 -> 0 | T78: =$S78+測地線補正!$Q$3*(lattice!$N78/1000)^3+測地線補正!$P$3*(lattice!$N78/1000)^2+測地線補正!$O$3*(lattice!$N78/1000)+測地線補正!$N$3 -> 0.4691297 | U78: 0 | V78: 0 | W78: 0 | X78: =SQRT(($M$78-$M$77)^2+($N$78-$N$77)^2) -> 95.5 | Y78: =_xlfn.XLOOKUP($F78,設計座標!$E$13:$E$2301,設計座標!$L$13:$L$2301," ",0,1) -> 0 | Z78: =SQRT(($M$78-$M$75)^2+($N$78-$N$75)^2) -> 1042.74
A79: A1/AS | B79: A | C79: m | D79: d | F79: qd_a1_11 | G79: qd_a1_11 | I79: =_xlfn.XLOOKUP($F79,設計座標!$E$13:$E$2301,設計座標!$G$13:$G$2301,"n/a",0,1) -> 2.8288731 | J79: =_xlfn.XLOOKUP($F79,設計座標!$E$13:$E$2301,設計座標!$H$13:$H$2301,"n/a",0,1) -> 0 | K79: =_xlfn.XLOOKUP($F79,設計座標!$E$13:$E$2301,設計座標!$I$13:$I$2301,"n/a",0,1) -> -4571.8679 | L79: =_xlfn.XLOOKUP($F79,設計座標!$E$13:$E$2301,設計座標!$J$13:$J$2301,"n/a",0,1) -> -70 | M79: =J79 -> 0 | N79: =K79 -> -4571.8679 | O79: =L79 -> -70 | P79: =$L79+$T79 -> -69.53773 | Q79: =$N79-$K79 -> 0 | R79: =$N79-$K79 -> 0 | S79: =$O79-$L79 -> 0 | T79: =$S79+測地線補正!$Q$3*(lattice!$N79/1000)^3+測地線補正!$P$3*(lattice!$N79/1000)^2+測地線補正!$O$3*(lattice!$N79/1000)+測地線補正!$N$3 -> 0.46227035 | U79: 0 | V79: 0 | W79: 0 | X79: =$Z$80-($Y$80+$Y$78)/2 -> 60 | Y79: =_xlfn.XLOOKUP($F79,設計座標!$E$13:$E$2301,設計座標!$L$13:$L$2301," ",0,1) -> 50 | Z79: =SQRT(($M$80-$M$78)^2+($N$80-$N$78)^2) -> 85 | AA79: =_xlfn.XLOOKUP($G79,magnet_list!$A$2:$A$592,magnet_list!$AJ$2:$AJ$592,"n/a",0,1) -> 0.0664 | AB79: =_xlfn.XLOOKUP($G79,magnet_list!$A$2:$A$592,magnet_list!$L$2:$L$592,"n/a",0,1) -> 44
A80: A1/AS | B80: A | C80: m | D80: d | E80: a | F80: qd_a1_11c | G80: qd_a1_11 | I80: =_xlfn.XLOOKUP($F80,設計座標!$E$13:$E$2301,設計座標!$G$13:$G$2301,"n/a",0,1) -> 2.8438731 | J80: =_xlfn.XLOOKUP($F80,設計座標!$E$13:$E$2301,設計座標!$H$13:$H$2301,"n/a",0,1) -> 0 | K80: =_xlfn.XLOOKUP($F80,設計座標!$E$13:$E$2301,設計座標!$I$13:$I$2301,"n/a",0,1) -> -4556.8679 | L80: =_xlfn.XLOOKUP($F80,設計座標!$E$13:$E$2301,設計座標!$J$13:$J$2301,"n/a",0,1) -> -70 | M80: =J80 -> 0 | N80: =K80 -> -4556.8679 | O80: =L80 -> -70 | P80: =$L80+$T80 -> -69.539199 | Q80: =$N80-$K80 -> 0 | R80: =$N80-$K80 -> 0 | S80: =$O80-$L80 -> 0 | T80: =$S80+測地線補正!$Q$3*(lattice!$N80/1000)^3+測地線補正!$P$3*(lattice!$N80/1000)^2+測地線補正!$O$3*(lattice!$N80/1000)+測地線補正!$N$3 -> 0.46080129 | U80: 0 | V80: 0 | W80: 0 | X80: =$Z$80-($Y$80+$Y$78)/2 -> 60 | Y80: =_xlfn.XLOOKUP($F80,設計座標!$E$13:$E$2301,設計座標!$L$13:$L$2301," ",0,1) -> 50 | Z80: =SQRT(($M$80-$M$78)^2+($N$80-$N$78)^2) -> 85 | AA80: =_xlfn.XLOOKUP($G80,magnet_list!$A$2:$A$592,magnet_list!$AJ$2:$AJ$592,"n/a",0,1) -> 0.0664 | AB80: =_xlfn.XLOOKUP($G80,magnet_list!$A$2:$A$592,magnet_list!$L$2:$L$592,"n/a",0,1) -> 44
A81: A1/AS | B81: A | C81: m | D81: d | F81: qf_a1_12 | G81: qf_a1_12 | I81: =_xlfn.XLOOKUP($F81,設計座標!$E$13:$E$2301,設計座標!$G$13:$G$2301,"n/a",0,1) -> 2.9641631 | J81: =_xlfn.XLOOKUP($F81,設計座標!$E$13:$E$2301,設計座標!$H$13:$H$2301,"n/a",0,1) -> 0 | K81: =_xlfn.XLOOKUP($F81,設計座標!$E$13:$E$2301,設計座標!$I$13:$I$2301,"n/a",0,1) -> -4436.5779 | L81: =_xlfn.XLOOKUP($F81,設計座標!$E$13:$E$2301,設計座標!$J$13:$J$2301,"n/a",0,1) -> -70 | M81: =J81 -> 0 | N81: =K81 -> -4436.5779 | O81: =L81 -> -70 | P81: =$L81+$T81 -> -69.550969 | Q81: =$N81-$K81 -> 0 | R81: =$N81-$K81 -> 0 | S81: =$O81-$L81 -> 0 | T81: =$S81+測地線補正!$Q$3*(lattice!$N81/1000)^3+測地線補正!$P$3*(lattice!$N81/1000)^2+測地線補正!$O$3*(lattice!$N81/1000)+測地線補正!$N$3 -> 0.4490306 | U81: 0 | V81: 0 | W81: 0 | X81: =$Z$82-($Y$82+$Y$80)/2 -> 75.29 | Y81: =_xlfn.XLOOKUP($F81,設計座標!$E$13:$E$2301,設計座標!$L$13:$L$2301," ",0,1) -> 100 | Z81: =SQRT(($M$82-$M$80)^2+($N$82-$N$80)^2) -> 150.29 | AA81: =_xlfn.XLOOKUP($G81,magnet_list!$A$2:$A$592,magnet_list!$AJ$2:$AJ$592,"n/a",0,1) -> 0.1146 | AB81: =_xlfn.XLOOKUP($G81,magnet_list!$A$2:$A$592,magnet_list!$L$2:$L$592,"n/a",0,1) -> 44
A82: A1/AS | B82: A | C82: m | D82: d | E82: a | F82: qf_a1_12c | G82: qf_a1_12 | I82: =_xlfn.XLOOKUP($F82,設計座標!$E$13:$E$2301,設計座標!$G$13:$G$2301,"n/a",0,1) -> 2.9941631 | J82: =_xlfn.XLOOKUP($F82,設計座標!$E$13:$E$2301,設計座標!$H$13:$H$2301,"n/a",0,1) -> 0 | K82: =_xlfn.XLOOKUP($F82,設計座標!$E$13:$E$2301,設計座標!$I$13:$I$2301,"n/a",0,1) -> -4406.5779 | L82: =_xlfn.XLOOKUP($F82,設計座標!$E$13:$E$2301,設計座標!$J$13:$J$2301,"n/a",0,1) -> -70 | M82: =J82 -> 0 | N82: =K82 -> -4406.5779 | O82: =L82 -> -70 | P82: =$L82+$T82 -> -69.553902 | Q82: =$N82-$K82 -> 0 | R82: =$N82-$K82 -> 0 | S82: =$O82-$L82 -> 0 | T82: =$S82+測地線補正!$Q$3*(lattice!$N82/1000)^3+測地線補正!$P$3*(lattice!$N82/1000)^2+測地線補正!$O$3*(lattice!$N82/1000)+測地線補正!$N$3 -> 0.44609785 | U82: 0 | V82: 0 | W82: 0 | X82: =$Z$82-($Y$82+$Y$80)/2 -> 75.29 | Y82: =_xlfn.XLOOKUP($F82,設計座標!$E$13:$E$2301,設計座標!$L$13:$L$2301," ",0,1) -> 100 | Z82: =SQRT(($M$82-$M$80)^2+($N$82-$N$80)^2) -> 150.29 | AA82: =_xlfn.XLOOKUP($G82,magnet_list!$A$2:$A$592,magnet_list!$AJ$2:$AJ$592,"n/a",0,1) -> 0.1146 | AB82: =_xlfn.XLOOKUP($G82,magnet_list!$A$2:$A$592,magnet_list!$L$2:$L$592,"n/a",0,1) -> 44
A83: AT | B83: A | C83: a | D83: d | E83: a | F83: ac_at_2d | G83: ac_at_2 | I83: =_xlfn.XLOOKUP($F83,設計座標!$E$13:$E$2301,設計座標!$G$13:$G$2301,"n/a",0,1) -> 2.8967507 | J83: =_xlfn.XLOOKUP($F83,設計座標!$E$13:$E$2301,設計座標!$H$13:$H$2301,"n/a",0,1) -> 0 | K83: =_xlfn.XLOOKUP($F83,設計座標!$E$13:$E$2301,設計座標!$I$13:$I$2301,"n/a",0,1) -> -4345.8904 | L83: =_xlfn.XLOOKUP($F83,設計座標!$E$13:$E$2301,設計座標!$J$13:$J$2301,"n/a",0,1) -> 480 | M83: =$J83+$Q83 -> 0.01504361 | N83: =K83 -> -4345.8904 | O83: =$L83+$S83 -> 479.62373 | P83: =$L83+$T83 -> 480.0639 | Q83: =(Q$88-Q$70)/($N$88-$N$70)*($N83-$N$70)+Q$70 -> 0.01504361 | R83: =$N83-$K83 -> 0 | S83: =(S$88-S$70)/($N$88-$N$70)*($N83-$N$70)+S$70 -> -0.37626925 | T83: =$S83+測地線補正!$Q$3*(lattice!$N83/1000)^3+測地線補正!$P$3*(lattice!$N83/1000)^2+測地線補正!$O$3*(lattice!$N83/1000)+測地線補正!$N$3 -> 0.063899333 | U83: =ATAN(($P$83-$P$72)/ABS($N$83-$N$72)) -> 0.00074645244 | V83: 0 | W83: =-ATAN(($M$83-$M$72)/ABS($N$83-$N$72)) -> 7.1658581e-05 | X83: n/a | Y83: =_xlfn.XLOOKUP($F83,設計座標!$E$13:$E$2301,設計座標!$L$13:$L$2301," ",0,1) -> 1889.4492 | Z83: =SQRT(($M$76-$M$73)^2+($N$76-$N$73)^2) -> 261.24
A84: AT | B84: A | C84: d | D84: d | E84: a | F84: sp_at_2 | G84: sp_at_2 | I84: =_xlfn.XLOOKUP($F84,設計座標!$E$13:$E$2301,設計座標!$G$13:$G$2301,"n/a",0,1) -> 2.9888186 | J84: =_xlfn.XLOOKUP($F84,設計座標!$E$13:$E$2301,設計座標!$H$13:$H$2301,"n/a",0,1) -> 0 | K84: =_xlfn.XLOOKUP($F84,設計座標!$E$13:$E$2301,設計座標!$I$13:$I$2301,"n/a",0,1) -> -4253.8225 | L84: =_xlfn.XLOOKUP($F84,設計座標!$E$13:$E$2301,設計座標!$J$13:$J$2301,"n/a",0,1) -> 480 | M84: =$J84+$Q84 -> 0.0084461573 | N84: =K84 -> -4253.8225 | O84: =$L84+$S84 -> 479.70156 | P84: =$L84+$T84 -> 480.13274 | Q84: =(Q$88-Q$70)/($N$88-$N$70)*($N84-$N$70)+Q$70 -> 0.0084461573 | R84: =$N84-$K84 -> 0 | S84: =(S$88-S$70)/($N$88-$N$70)*($N84-$N$70)+S$70 -> -0.29844319 | T84: =$S84+測地線補正!$Q$3*(lattice!$N84/1000)^3+測地線補正!$P$3*(lattice!$N84/1000)^2+測地線補正!$O$3*(lattice!$N84/1000)+測地線補正!$N$3 -> 0.13273899 | U84: 0 | V84: 0 | W84: 0 | X84: =SQRT(($M$84-$M$83)^2+($N$84-$N$83)^2) -> 92.067863 | Y84: =_xlfn.XLOOKUP($F84,設計座標!$E$13:$E$2301,設計座標!$L$13:$L$2301," ",0,1) -> 0 | Z84: =SQRT(($M$84-$M$76)^2+($N$84-$N$76)^2) -> 1036.7925
A85: A1/AS | B85: A | C85: m | D85: d | E85: a | F85: qd_a1_13c | G85: qd_a1_13 | I85: =_xlfn.XLOOKUP($F85,設計座標!$E$13:$E$2301,設計座標!$G$13:$G$2301,"n/a",0,1) -> 3.2032821 | J85: =_xlfn.XLOOKUP($F85,設計座標!$E$13:$E$2301,設計座標!$H$13:$H$2301,"n/a",0,1) -> 0 | K85: =_xlfn.XLOOKUP($F85,設計座標!$E$13:$E$2301,設計座標!$I$13:$I$2301,"n/a",0,1) -> -4197.4589 | L85: =_xlfn.XLOOKUP($F85,設計座標!$E$13:$E$2301,設計座標!$J$13:$J$2301,"n/a",0,1) -> -70 | M85: =J85 -> 0 | N85: =K85 -> -4197.4589 | O85: =L85 -> -70 | P85: =$L85+$T85 -> -69.574314 | Q85: =$N85-$K85 -> 0 | R85: =$N85-$K85 -> 0 | S85: =$O85-$L85 -> 0 | T85: =$S85+測地線補正!$Q$3*(lattice!$N85/1000)^3+測地線補正!$P$3*(lattice!$N85/1000)^2+測地線補正!$O$3*(lattice!$N85/1000)+測地線補正!$N$3 -> 0.42568596 | U85: 0 | V85: 0 | W85: 0 | X85: =$Z$85-($Y$85+$Y$82)/2 -> 134.119 | Y85: =_xlfn.XLOOKUP($F85,設計座標!$E$13:$E$2301,設計座標!$L$13:$L$2301," ",0,1) -> 50 | Z85: =SQRT(($M$85-$M$82)^2+($N$85-$N$82)^2) -> 209.119 | AA85: =_xlfn.XLOOKUP($G85,magnet_list!$A$2:$A$592,magnet_list!$AJ$2:$AJ$592,"n/a",0,1) -> 0.0664 | AB85: =_xlfn.XLOOKUP($G85,magnet_list!$A$2:$A$592,magnet_list!$L$2:$L$592,"n/a",0,1) -> 44
A86: A1/AS | B86: A | C86: m | D86: d | F86: qd_a1_13 | G86: qd_a1_13 | I86: =_xlfn.XLOOKUP($F86,設計座標!$E$13:$E$2301,設計座標!$G$13:$G$2301,"n/a",0,1) -> 3.2182821 | J86: =_xlfn.XLOOKUP($F86,設計座標!$E$13:$E$2301,設計座標!$H$13:$H$2301,"n/a",0,1) -> 0 | K86: =_xlfn.XLOOKUP($F86,設計座標!$E$13:$E$2301,設計座標!$I$13:$I$2301,"n/a",0,1) -> -4182.4589 | L86: =_xlfn.XLOOKUP($F86,設計座標!$E$13:$E$2301,設計座標!$J$13:$J$2301,"n/a",0,1) -> -70 | M86: =J86 -> 0 | N86: =K86 -> -4182.4589 | O86: =L86 -> -70 | P86: =$L86+$T86 -> -69.575776 | Q86: =$N86-$K86 -> 0 | R86: =$N86-$K86 -> 0 | S86: =$O86-$L86 -> 0 | T86: =$S86+測地線補正!$Q$3*(lattice!$N86/1000)^3+測地線補正!$P$3*(lattice!$N86/1000)^2+測地線補正!$O$3*(lattice!$N86/1000)+測地線補正!$N$3 -> 0.42422392 | U86: 0 | V86: 0 | W86: 0 | X86: =$Z$85-($Y$85+$Y$82)/2 -> 134.119 | Y86: =_xlfn.XLOOKUP($F86,設計座標!$E$13:$E$2301,設計座標!$L$13:$L$2301," ",0,1) -> 50 | Z86: =SQRT(($M$85-$M$82)^2+($N$85-$N$82)^2) -> 209.119 | AA86: =_xlfn.XLOOKUP($G86,magnet_list!$A$2:$A$592,magnet_list!$AJ$2:$AJ$592,"n/a",0,1) -> 0.0664 | AB86: =_xlfn.XLOOKUP($G86,magnet_list!$A$2:$A$592,magnet_list!$L$2:$L$592,"n/a",0,1) -> 44
A87: A1/AS | B87: A | C87: d | D87: d | E87: a | F87: sc_a1_1 | G87: sc_a1_1 | I87: =_xlfn.XLOOKUP($F87,設計座標!$E$13:$E$2301,設計座標!$G$13:$G$2301,"n/a",0,1) -> 3.4002821 | J87: =_xlfn.XLOOKUP($F87,設計座標!$E$13:$E$2301,設計座標!$H$13:$H$2301,"n/a",0,1) -> 0 | K87: =_xlfn.XLOOKUP($F87,設計座標!$E$13:$E$2301,設計座標!$I$13:$I$2301,"n/a",0,1) -> -4000.4589 | L87: =_xlfn.XLOOKUP($F87,設計座標!$E$13:$E$2301,設計座標!$J$13:$J$2301,"n/a",0,1) -> -270 | M87: =J87 -> 0 | N87: =K87 -> -4000.4589 | O87: =L87 -> -270 | P87: =$L87+$T87 -> -269.59349 | Q87: =$N87-$K87 -> 0 | R87: =$N87-$K87 -> 0 | S87: =$O87-$L87 -> 0 | T87: =$S87+測地線補正!$Q$3*(lattice!$N87/1000)^3+測地線補正!$P$3*(lattice!$N87/1000)^2+測地線補正!$O$3*(lattice!$N87/1000)+測地線補正!$N$3 -> 0.40650684 | U87: 0 | V87: 0 | W87: 0 | X87: =$Z$87-($Y$87+$Y$85)/2 -> 172 | Y87: =_xlfn.XLOOKUP($F87,設計座標!$E$13:$E$2301,設計座標!$L$13:$L$2301," ",0,1) -> 0 | Z87: =SQRT(($M$87-$M$85)^2+($N$87-$N$85)^2) -> 197
A88: AT | B88: A | C88: m | D88: s | F88: qd_at_21 | G88: qd_at_21 | I88: =_xlfn.XLOOKUP($F88,設計座標!$E$13:$E$2301,設計座標!$G$13:$G$2301,"n/a",0,1) -> 3.0913866 | J88: =_xlfn.XLOOKUP($F88,設計座標!$E$13:$E$2301,設計座標!$H$13:$H$2301,"n/a",0,1) -> 0 | K88: =_xlfn.XLOOKUP($F88,設計座標!$E$13:$E$2301,設計座標!$I$13:$I$2301,"n/a",0,1) -> -4151.2545 | L88: =_xlfn.XLOOKUP($F88,設計座標!$E$13:$E$2301,設計座標!$J$13:$J$2301,"n/a",0,1) -> 680 | M88: =_xlfn.XLOOKUP($F88,survey_data!$A$2:$A$833,survey_data!$B$2:$B$833,"n/a",0,1) -> 0.00109628 | N88: =_xlfn.XLOOKUP($F88,survey_data!$A$2:$A$833,survey_data!$C$2:$C$833,"n/a",0,1) -> -4151.2545 | O88: =_xlfn.XLOOKUP($F88,survey_data!$A$2:$A$833,survey_data!$D$2:$D$833,"n/a",0,1) -> 679.78826 | P88: =$L88+$T88 -> 680.20944 | Q88: =$M88-$J88 -> 0.00109628 | R88: =$N88-$K88 -> 0 | S88: =$O88-$L88 -> -0.21174124 | T88: =$S88+測地線補正!$Q$3*(lattice!$N88/1000)^3+測地線補正!$P$3*(lattice!$N88/1000)^2+測地線補正!$O$3*(lattice!$N88/1000)+測地線補正!$N$3 -> 0.20944211 | U88: =ATAN(($P$89-$P$88)/ABS($N$89-$N$88)) -> -8.076904e-05 | V88: 0 | W88: =-ATAN(($M$89-$M$88)/ABS($N$89-$N$88)) -> 1.0371405e-05 | X88: =$Z$89-($Y$89+$Y$84)/2 -> 82.568 | Y88: =_xlfn.XLOOKUP($F88,設計座標!$E$13:$E$2301,設計座標!$L$13:$L$2301," ",0,1) -> 50 | Z88: =SQRT(($M$89-$M$84)^2+($N$89-$N$84)^2) -> 107.568 | AA88: =_xlfn.XLOOKUP($G88,magnet_list!$A$2:$A$592,magnet_list!$AJ$2:$AJ$592,"n/a",0,1) -> 0.0664 | AB88: =_xlfn.XLOOKUP($G88,magnet_list!$A$2:$A$592,magnet_list!$L$2:$L$592,"n/a",0,1) -> 44
A89: AT | B89: A | C89: m | D89: d | E89: a | F89: qd_at_21c | G89: qd_at_21 | I89: =_xlfn.XLOOKUP($F89,設計座標!$E$13:$E$2301,設計座標!$G$13:$G$2301,"n/a",0,1) -> 3.0963866 | J89: =_xlfn.XLOOKUP($F89,設計座標!$E$13:$E$2301,設計座標!$H$13:$H$2301,"n/a",0,1) -> 0 | K89: =_xlfn.XLOOKUP($F89,設計座標!$E$13:$E$2301,設計座標!$I$13:$I$2301,"n/a",0,1) -> -4146.2545 | L89: =_xlfn.XLOOKUP($F89,設計座標!$E$13:$E$2301,設計座標!$J$13:$J$2301,"n/a",0,1) -> 680 | M89: =$J89+$Q89 -> 0.001044423 | N89: =K89 -> -4146.2545 | O89: =$L89+$S89 -> 679.78834 | P89: =$L89+$T89 -> 680.20904 | Q89: =(Q$90-Q$88)/($N$90-$N$88)/($N89-$N$88)+Q$88 -> 0.001044423 | R89: =$N89-$K89 -> 0 | S89: =(S$90-S$88)/($N$90-$N$88)/($N89-$N$88)+S$88 -> -0.211658 | T89: =$S89+測地線補正!$Q$3*(lattice!$N89/1000)^3+測地線補正!$P$3*(lattice!$N89/1000)^2+測地線補正!$O$3*(lattice!$N89/1000)+測地線補正!$N$3 -> 0.20903827 | U89: =ATAN(($P$89-$P$88)/ABS($N$89-$N$88)) -> -8.076904e-05 | V89: 0 | W89: =-ATAN(($M$89-$M$88)/ABS($N$89-$N$88)) -> 1.0371405e-05 | X89: =$Z$89-($Y$89+$Y$84)/2 -> 82.568 | Y89: =_xlfn.XLOOKUP($F89,設計座標!$E$13:$E$2301,設計座標!$L$13:$L$2301," ",0,1) -> 50 | Z89: =SQRT(($M$89-$M$84)^2+($N$89-$N$84)^2) -> 107.568 | AA89: =_xlfn.XLOOKUP($G89,magnet_list!$A$2:$A$592,magnet_list!$AJ$2:$AJ$592,"n/a",0,1) -> 0.0664 | AB89: =_xlfn.XLOOKUP($G89,magnet_list!$A$2:$A$592,magnet_list!$L$2:$L$592,"n/a",0,1) -> 44
A90: AT | B90: A | C90: m | D90: s | F90: qf_at_22 | G90: qf_at_22 | I90: =_xlfn.XLOOKUP($F90,設計座標!$E$13:$E$2301,設計座標!$G$13:$G$2301,"n/a",0,1) -> 3.2410963 | J90: =_xlfn.XLOOKUP($F90,設計座標!$E$13:$E$2301,設計座標!$H$13:$H$2301,"n/a",0,1) -> 0 | K90: =_xlfn.XLOOKUP($F90,設計座標!$E$13:$E$2301,設計座標!$I$13:$I$2301,"n/a",0,1) -> -4001.5449 | L90: =_xlfn.XLOOKUP($F90,設計座標!$E$13:$E$2301,設計座標!$J$13:$J$2301,"n/a",0,1) -> 680 | M90: =_xlfn.XLOOKUP($F90,survey_data!$A$2:$A$833,survey_data!$B$2:$B$833,"n/a",0,1) -> -0.03772121 | N90: =_xlfn.XLOOKUP($F90,survey_data!$A$2:$A$833,survey_data!$C$2:$C$833,"n/a",0,1) -> -4001.5449 | O90: =_xlfn.XLOOKUP($F90,survey_data!$A$2:$A$833,survey_data!$D$2:$D$833,"n/a",0,1) -> 679.85057 | P90: =$L90+$T90 -> 680.25718 | Q90: =$M90-$J90 -> -0.03772121 | R90: =$N90-$K90 -> 0 | S90: =$O90-$L90 -> -0.14942905 | T90: =$S90+測地線補正!$Q$3*(lattice!$N90/1000)^3+測地線補正!$P$3*(lattice!$N90/1000)^2+測地線補正!$O$3*(lattice!$N90/1000)+測地線補正!$N$3 -> 0.25718338 | U90: =ATAN(($P$91-$P$90)/ABS($N$91-$N$90)) -> -0.00035738911 | V90: 0 | W90: =-ATAN(($M$91-$M$90)/ABS($N$91-$N$90)) -> -0.00045474457 | X90: =$Z$91-($Y$91+$Y$89)/2 -> 99.709674 | Y90: =_xlfn.XLOOKUP($F90,設計座標!$E$13:$E$2301,設計座標!$L$13:$L$2301," ",0,1) -> 100 | Z90: =SQRT(($M$91-$M$89)^2+($N$91-$N$89)^2) -> 174.70967 | AA90: =_xlfn.XLOOKUP($G90,magnet_list!$A$2:$A$592,magnet_list!$AJ$2:$AJ$592,"n/a",0,1) -> 0.1146 | AB90: =_xlfn.XLOOKUP($G90,magnet_list!$A$2:$A$592,magnet_list!$L$2:$L$592,"n/a",0,1) -> 44
A91: AT | B91: A | C91: m | D91: d | E91: a | F91: qf_at_22c | G91: qf_at_22 | I91: =_xlfn.XLOOKUP($F91,設計座標!$E$13:$E$2301,設計座標!$G$13:$G$2301,"n/a",0,1) -> 3.2710963 | J91: =_xlfn.XLOOKUP($F91,設計座標!$E$13:$E$2301,設計座標!$H$13:$H$2301,"n/a",0,1) -> 0 | K91: =_xlfn.XLOOKUP($F91,設計座標!$E$13:$E$2301,設計座標!$I$13:$I$2301,"n/a",0,1) -> -3971.5449 | L91: =_xlfn.XLOOKUP($F91,設計座標!$E$13:$E$2301,設計座標!$J$13:$J$2301,"n/a",0,1) -> 680 | M91: =$J91+$Q91 -> -0.024078872 | N91: =K91 -> -3971.5449 | O91: =$L91+$S91 -> 679.84277 | P91: =$L91+$T91 -> 680.24646 | Q91: =(Q$93-Q$90)/($N$93-$N$90)*($N91-$N$90)+Q$90 -> -0.024078872 | R91: =$N91-$K91 -> 0 | S91: =(S$93-S$90)/($N$93-$N$90)*($N91-$N$90)+S$90 -> -0.15723424 | T91: =$S91+測地線補正!$Q$3*(lattice!$N91/1000)^3+測地線補正!$P$3*(lattice!$N91/1000)^2+測地線補正!$O$3*(lattice!$N91/1000)+測地線補正!$N$3 -> 0.24646171 | U91: =ATAN(($P$91-$P$90)/ABS($N$91-$N$90)) -> -0.00035738911 | V91: 0 | W91: =-ATAN(($M$91-$M$90)/ABS($N$91-$N$90)) -> -0.00045474457 | X91: =$Z$91-($Y$91+$Y$89)/2 -> 99.709674 | Y91: =_xlfn.XLOOKUP($F91,設計座標!$E$13:$E$2301,設計座標!$L$13:$L$2301," ",0,1) -> 100 | Z91: =SQRT(($M$91-$M$89)^2+($N$91-$N$89)^2) -> 174.70967 | AA91: =_xlfn.XLOOKUP($G91,magnet_list!$A$2:$A$592,magnet_list!$AJ$2:$AJ$592,"n/a",0,1) -> 0.1146 | AB91: =_xlfn.XLOOKUP($G91,magnet_list!$A$2:$A$592,magnet_list!$L$2:$L$592,"n/a",0,1) -> 44
A92: AT | B92: A | C92: m | D92: d | E92: a | F92: qd_at_23c | G92: qd_at_23 | I92: =_xlfn.XLOOKUP($F92,設計座標!$E$13:$E$2301,設計座標!$G$13:$G$2301,"n/a",0,1) -> 3.4465222 | J92: =_xlfn.XLOOKUP($F92,設計座標!$E$13:$E$2301,設計座標!$H$13:$H$2301,"n/a",0,1) -> 0 | K92: =_xlfn.XLOOKUP($F92,設計座標!$E$13:$E$2301,設計座標!$I$13:$I$2301,"n/a",0,1) -> -3796.1189 | L92: =_xlfn.XLOOKUP($F92,設計座標!$E$13:$E$2301,設計座標!$J$13:$J$2301,"n/a",0,1) -> 680 | M92: =$J92+$Q92 -> 0.055695137 | N92: =K92 -> -3796.1189 | O92: =$L92+$S92 -> 679.79712 | P92: =$L92+$T92 -> 680.18379 | Q92: =(Q$93-Q$90)/($N$93-$N$90)*($N92-$N$90)+Q$90 -> 0.055695137 | R92: =$N92-$K92 -> 0 | S92: =(S$93-S$90)/($N$93-$N$90)*($N92-$N$90)+S$90 -> -0.20287532 | T92: =$S92+測地線補正!$Q$3*(lattice!$N92/1000)^3+測地線補正!$P$3*(lattice!$N92/1000)^2+測地線補正!$O$3*(lattice!$N92/1000)+測地線補正!$N$3 -> 0.18378871 | U92: =ATAN(($P$93-$P$92)/ABS($N$93-$N$92)) -> -0.00035715017 | V92: 0 | W92: =-ATAN(($M$93-$M$92)/ABS($N$93-$N$92)) -> -0.00045474457 | X92: =$Z$92-($Y$92+$Y$91)/2 -> 100.42598 | Y92: =_xlfn.XLOOKUP($F92,設計座標!$E$13:$E$2301,設計座標!$L$13:$L$2301," ",0,1) -> 50 | Z92: =SQRT(($M$92-$M$91)^2+($N$92-$N$91)^2) -> 175.42598 | AA92: =_xlfn.XLOOKUP($G92,magnet_list!$A$2:$A$592,magnet_list!$AJ$2:$AJ$592,"n/a",0,1) -> 0.0664 | AB92: =_xlfn.XLOOKUP($G92,magnet_list!$A$2:$A$592,magnet_list!$L$2:$L$592,"n/a",0,1) -> 44
A93: AT | B93: A | C93: m | D93: s | F93: qd_at_23 | G93: qd_at_23 | I93: =_xlfn.XLOOKUP($F93,設計座標!$E$13:$E$2301,設計座標!$G$13:$G$2301,"n/a",0,1) -> 3.4515222 | J93: =_xlfn.XLOOKUP($F93,設計座標!$E$13:$E$2301,設計座標!$H$13:$H$2301,"n/a",0,1) -> 0 | K93: =_xlfn.XLOOKUP($F93,設計座標!$E$13:$E$2301,設計座標!$I$13:$I$2301,"n/a",0,1) -> -3791.1189 | L93: =_xlfn.XLOOKUP($F93,設計座標!$E$13:$E$2301,設計座標!$J$13:$J$2301,"n/a",0,1) -> 680 | M93: =_xlfn.XLOOKUP($F93,survey_data!$A$2:$A$833,survey_data!$B$2:$B$833,"n/a",0,1) -> 0.05796886 | N93: =_xlfn.XLOOKUP($F93,survey_data!$A$2:$A$833,survey_data!$C$2:$C$833,"n/a",0,1) -> -3791.1189 | O93: =_xlfn.XLOOKUP($F93,survey_data!$A$2:$A$833,survey_data!$D$2:$D$833,"n/a",0,1) -> 679.79582 | P93: =$L93+$T93 -> 680.182 | Q93: =$M93-$J93 -> 0.05796886 | R93: =$N93-$K93 -> 0 | S93: =$O93-$L93 -> -0.20417618 | T93: =$S93+測地線補正!$Q$3*(lattice!$N93/1000)^3+測地線補正!$P$3*(lattice!$N93/1000)^2+測地線補正!$O$3*(lattice!$N93/1000)+測地線補正!$N$3 -> 0.18200296 | U93: =ATAN(($P$93-$P$92)/ABS($N$93-$N$92)) -> -0.00035715017 | V93: 0 | W93: =-ATAN(($M$93-$M$92)/ABS($N$93-$N$92)) -> -0.00045474457 | X93: =$Z$92-($Y$92+$Y$91)/2 -> 100.42598 | Y93: =_xlfn.XLOOKUP($F93,設計座標!$E$13:$E$2301,設計座標!$L$13:$L$2301," ",0,1) -> 50 | Z93: =SQRT(($M$92-$M$91)^2+($N$92-$N$91)^2) -> 175.42598 | AA93: =_xlfn.XLOOKUP($G93,magnet_list!$A$2:$A$592,magnet_list!$AJ$2:$AJ$592,"n/a",0,1) -> 0.0664 | AB93: =_xlfn.XLOOKUP($G93,magnet_list!$A$2:$A$592,magnet_list!$L$2:$L$592,"n/a",0,1) -> 44
A94: AT | B94: A | C94: d | D94: d | E94: a | F94: sc_at_2 | G94: sc_at_2 | I94: =_xlfn.XLOOKUP($F94,設計座標!$E$13:$E$2301,設計座標!$G$13:$G$2301,"n/a",0,1) -> 3.6639522 | J94: =_xlfn.XLOOKUP($F94,設計座標!$E$13:$E$2301,設計座標!$H$13:$H$2301,"n/a",0,1) -> 0 | K94: =_xlfn.XLOOKUP($F94,設計座標!$E$13:$E$2301,設計座標!$I$13:$I$2301,"n/a",0,1) -> -3578.6889 | L94: =_xlfn.XLOOKUP($F94,設計座標!$E$13:$E$2301,設計座標!$J$13:$J$2301,"n/a",0,1) -> 480 | M94: =$J94+$Q94 -> 0.063455182 | N94: =K94 -> -3578.6889 | O94: =$L94+$S94 -> 479.81304 | P94: =$L94+$T94 -> 480.17864 | Q94: =(Q$96-Q$93)/($N$96-$N$93)*($N94-$N$93)+Q$93 -> 0.063455182 | R94: =$N94-$K94 -> 0 | S94: =(S$96-S$93)/($N$96-$N$93)*($N94-$N$93)+S$93 -> -0.18696234 | T94: =$S94+測地線補正!$Q$3*(lattice!$N94/1000)^3+測地線補正!$P$3*(lattice!$N94/1000)^2+測地線補正!$O$3*(lattice!$N94/1000)+測地線補正!$N$3 -> 0.17864441 | U94: 0 | V94: 0 | W94: 0 | X94: =$Z$94-($Y$94+$Y$93)/2 -> 192.43 | Y94: =_xlfn.XLOOKUP($F94,設計座標!$E$13:$E$2301,設計座標!$L$13:$L$2301," ",0,1) -> 0 | Z94: =SQRT(($M$94-$M$92)^2+($N$94-$N$92)^2) -> 217.43
A95: A1/AS | B95: A | C95: m | D95: d | E95: a | F95: bm_a1_c1c | G95: bm_a1_c1 | I95: =_xlfn.XLOOKUP($F95,設計座標!$E$13:$E$2301,設計座標!$G$13:$G$2301,"n/a",0,1) -> 3.6602821 | J95: =_xlfn.XLOOKUP($F95,設計座標!$E$13:$E$2301,設計座標!$H$13:$H$2301,"n/a",0,1) -> 0 | K95: =_xlfn.XLOOKUP($F95,設計座標!$E$13:$E$2301,設計座標!$I$13:$I$2301,"n/a",0,1) -> -3740.4589 | L95: =_xlfn.XLOOKUP($F95,設計座標!$E$13:$E$2301,設計座標!$J$13:$J$2301,"n/a",0,1) -> -95 | M95: =J95 -> 0 | N95: =K95 -> -3740.4589 | O95: =L95 -> -95 | P95: =$L95+$T95 -> -94.618732 | Q95: =$N95-$K95 -> 0 | R95: =$N95-$K95 -> 0 | S95: =$O95-$L95 -> 0 | T95: =$S95+測地線補正!$Q$3*(lattice!$N95/1000)^3+測地線補正!$P$3*(lattice!$N95/1000)^2+測地線補正!$O$3*(lattice!$N95/1000)+測地線補正!$N$3 -> 0.38126801 | U95: 0 | V95: 0 | W95: 0 | X95: =$Z$95-($Y$95+$Y$87)/2 -> 210 | Y95: =_xlfn.XLOOKUP($F95,設計座標!$E$13:$E$2301,設計座標!$L$13:$L$2301," ",0,1) -> 100 | Z95: =SQRT(($M$95-$M$87)^2+($N$95-$N$87)^2) -> 260 | AA95: =_xlfn.XLOOKUP($G95,magnet_list!$A$2:$A$592,magnet_list!$AJ$2:$AJ$592,"n/a",0,1) -> 0.147248 | AB95: =_xlfn.XLOOKUP($G95,magnet_list!$A$2:$A$592,magnet_list!$L$2:$L$592,"n/a",0,1) -> 40
A96: AT | B96: A | C96: m | D96: s | E96: a | F96: px_at_22 | G96: px_at_22 | I96: =_xlfn.XLOOKUP($F96,設計座標!$E$13:$E$2301,設計座標!$G$13:$G$2301,"n/a",0,1) -> 3.9149699 | J96: =_xlfn.XLOOKUP($F96,設計座標!$E$13:$E$2301,設計座標!$H$13:$H$2301,"n/a",0,1) -> 0 | K96: =_xlfn.XLOOKUP($F96,設計座標!$E$13:$E$2301,設計座標!$I$13:$I$2301,"n/a",0,1) -> -3327.6712 | L96: =_xlfn.XLOOKUP($F96,設計座標!$E$13:$E$2301,設計座標!$J$13:$J$2301,"n/a",0,1) -> 680 | M96: =_xlfn.XLOOKUP($F96,survey_data!$A$2:$A$833,survey_data!$B$2:$B$833,"n/a",0,1) -> 0.06993809 | N96: =_xlfn.XLOOKUP($F96,survey_data!$A$2:$A$833,survey_data!$C$2:$C$833,"n/a",0,1) -> -3327.6712 | O96: =_xlfn.XLOOKUP($F96,survey_data!$A$2:$A$833,survey_data!$D$2:$D$833,"n/a",0,1) -> 679.83338 | P96: =$L96+$T96 -> 680.17475 | Q96: =$M96-$J96 -> 0.06993809 | R96: =$N96-$K96 -> 0 | S96: =$O96-$L96 -> -0.16662163 | T96: =$S96+測地線補正!$Q$3*(lattice!$N96/1000)^3+測地線補正!$P$3*(lattice!$N96/1000)^2+測地線補正!$O$3*(lattice!$N96/1000)+測地線補正!$N$3 -> 0.17474736 | U96: 0 | V96: 0 | W96: 0 | X96: =$Z$96-($Y$96+$Y$94)/2 -> 226.01773 | Y96: =_xlfn.XLOOKUP($F96,設計座標!$E$13:$E$2301,設計座標!$L$13:$L$2301," ",0,1) -> 50 | Z96: =SQRT(($M$96-$M$94)^2+($N$96-$N$94)^2) -> 251.01773 | AA96: =_xlfn.XLOOKUP($G96,magnet_list!$A$2:$A$592,magnet_list!$AJ$2:$AJ$592,"n/a",0,1) -> 0.091811 | AB96: =_xlfn.XLOOKUP($G96,magnet_list!$A$2:$A$592,magnet_list!$L$2:$L$592,"n/a",0,1) -> 39
A97: A1/AS | B97: A | C97: m | D97: d | E97: a | F97: bm_a1_c2c | G97: bm_a1_c2 | I97: =_xlfn.XLOOKUP($F97,設計座標!$E$13:$E$2301,設計座標!$G$13:$G$2301,"n/a",0,1) -> 4.1602821 | J97: =_xlfn.XLOOKUP($F97,設計座標!$E$13:$E$2301,設計座標!$H$13:$H$2301,"n/a",0,1) -> 0 | K97: =_xlfn.XLOOKUP($F97,設計座標!$E$13:$E$2301,設計座標!$I$13:$I$2301,"n/a",0,1) -> -3240.4589 | L97: =_xlfn.XLOOKUP($F97,設計座標!$E$13:$E$2301,設計座標!$J$13:$J$2301,"n/a",0,1) -> -95 | M97: =J97 -> 0 | N97: =K97 -> -3240.4589 | O97: =L97 -> -95 | P97: =$L97+$T97 -> -94.667034 | Q97: =$N97-$K97 -> 0 | R97: =$N97-$K97 -> 0 | S97: =$O97-$L97 -> 0 | T97: =$S97+測地線補正!$Q$3*(lattice!$N97/1000)^3+測地線補正!$P$3*(lattice!$N97/1000)^2+測地線補正!$O$3*(lattice!$N97/1000)+測地線補正!$N$3 -> 0.33296603 | U97: 0 | V97: 0 | W97: 0 | X97: =$Z$97-($Y$97+$Y$95)/2 -> 400 | Y97: =_xlfn.XLOOKUP($F97,設計座標!$E$13:$E$2301,設計座標!$L$13:$L$2301," ",0,1) -> 100 | Z97: =SQRT(($M$97-$M$95)^2+($N$97-$N$95)^2) -> 500 | AA97: =_xlfn.XLOOKUP($G97,magnet_list!$A$2:$A$592,magnet_list!$AJ$2:$AJ$592,"n/a",0,1) -> 0.147248 | AB97: =_xlfn.XLOOKUP($G97,magnet_list!$A$2:$A$592,magnet_list!$L$2:$L$592,"n/a",0,1) -> 40
A98: A1/AS | B98: A | C98: d | D98: d | E98: a | F98: sc_a1_c2_0 | G98: sc_a1_c2_0 | I98: =_xlfn.XLOOKUP($F98,設計座標!$E$13:$E$2301,設計座標!$G$13:$G$2301,"n/a",0,1) -> 4.3602821 | J98: =_xlfn.XLOOKUP($F98,設計座標!$E$13:$E$2301,設計座標!$H$13:$H$2301,"n/a",0,1) -> 0 | K98: =_xlfn.XLOOKUP($F98,設計座標!$E$13:$E$2301,設計座標!$I$13:$I$2301,"n/a",0,1) -> -3040.4589 | L98: =_xlfn.XLOOKUP($F98,設計座標!$E$13:$E$2301,設計座標!$J$13:$J$2301,"n/a",0,1) -> -270 | M98: =J98 -> 0 | N98: =K98 -> -3040.4589 | O98: =L98 -> -270 | P98: =$L98+$T98 -> -269.68627 | Q98: =$N98-$K98 -> 0 | R98: =$N98-$K98 -> 0 | S98: =$O98-$L98 -> 0 | T98: =$S98+測地線補正!$Q$3*(lattice!$N98/1000)^3+測地線補正!$P$3*(lattice!$N98/1000)^2+測地線補正!$O$3*(lattice!$N98/1000)+測地線補正!$N$3 -> 0.31373097 | U98: 0 | V98: 0 | W98: 0 | X98: =$Z$98-($Y$98+$Y$97)/2 -> 150 | Y98: =_xlfn.XLOOKUP($F98,設計座標!$E$13:$E$2301,設計座標!$L$13:$L$2301," ",0,1) -> 0 | Z98: =SQRT(($M$98-$M$97)^2+($N$98-$N$97)^2) -> 200
A99: A1/AS | B99: A | C99: d | D99: d | E99: a | F99: sc_a1_c2_65 | G99: sc_a1_c2_65 | I99: =_xlfn.XLOOKUP($F99,設計座標!$E$13:$E$2301,設計座標!$G$13:$G$2301,"n/a",0,1) -> 4.3602821 | J99: =_xlfn.XLOOKUP($F99,設計座標!$E$13:$E$2301,設計座標!$H$13:$H$2301,"n/a",0,1) -> 0 | K99: =_xlfn.XLOOKUP($F99,設計座標!$E$13:$E$2301,設計座標!$I$13:$I$2301,"n/a",0,1) -> -3040.4589 | L99: =_xlfn.XLOOKUP($F99,設計座標!$E$13:$E$2301,設計座標!$J$13:$J$2301,"n/a",0,1) -> -270 | M99: =J99 -> 0 | N99: =K99 -> -3040.4589 | O99: =L99 -> -270 | P99: =$L99+$T99 -> -269.68627 | Q99: =$N99-$K99 -> 0 | R99: =$N99-$K99 -> 0 | S99: =$O99-$L99 -> 0 | T99: =$S99+測地線補正!$Q$3*(lattice!$N99/1000)^3+測地線補正!$P$3*(lattice!$N99/1000)^2+測地線補正!$O$3*(lattice!$N99/1000)+測地線補正!$N$3 -> 0.31373097 | U99: 0 | V99: 0 | W99: 0 | X99: 0 | Y99: =_xlfn.XLOOKUP($F99,設計座標!$E$13:$E$2301,設計座標!$L$13:$L$2301," ",0,1) -> 0 | Z99: =SQRT(($M$98-$M$97)^2+($N$98-$N$97)^2) -> 200
A100: A1/AS | B100: A | C100: m | D100: d | E100: a | F100: bm_a1_c3c | G100: bm_a1_c3 | I100: =_xlfn.XLOOKUP($F100,設計座標!$E$13:$E$2301,設計座標!$G$13:$G$2301,"n/a",0,1) -> 4.5602821 | J100: =_xlfn.XLOOKUP($F100,設計座標!$E$13:$E$2301,設計座標!$H$13:$H$2301,"n/a",0,1) -> 0 | K100: =_xlfn.XLOOKUP($F100,設計座標!$E$13:$E$2301,設計座標!$I$13:$I$2301,"n/a",0,1) -> -2840.4589 | L100: =_xlfn.XLOOKUP($F100,設計座標!$E$13:$E$2301,設計座標!$J$13:$J$2301,"n/a",0,1) -> -95 | M100: =J100 -> 0 | N100: =K100 -> -2840.4589 | O100: =L100 -> -95 | P100: =$L100+$T100 -> -94.705455 | Q100: =$N100-$K100 -> 0 | R100: =$N100-$K100 -> 0 | S100: =$O100-$L100 -> 0 | T100: =$S100+測地線補正!$Q$3*(lattice!$N100/1000)^3+測地線補正!$P$3*(lattice!$N100/1000)^2+測地線補正!$O$3*(lattice!$N100/1000)+測地線補正!$N$3 -> 0.29454461 | U100: 0 | V100: 0 | W100: 0 | X100: =$Z$100-($Y$100+$Y$99)/2 -> 150 | Y100: =_xlfn.XLOOKUP($F100,設計座標!$E$13:$E$2301,設計座標!$L$13:$L$2301," ",0,1) -> 100 | Z100: =SQRT(($M$100-$M$98)^2+($N$100-$N$98)^2) -> 200 | AA100: =_xlfn.XLOOKUP($G100,magnet_list!$A$2:$A$592,magnet_list!$AJ$2:$AJ$592,"n/a",0,1) -> 0.147248 | AB100: =_xlfn.XLOOKUP($G100,magnet_list!$A$2:$A$592,magnet_list!$L$2:$L$592,"n/a",0,1) -> 40
A101: AT | B101: A | C101: m | D101: s | E101: a | F101: py_at_22 | G101: py_at_22 | I101: =_xlfn.XLOOKUP($F101,設計座標!$E$13:$E$2301,設計座標!$G$13:$G$2301,"n/a",0,1) -> 4.0545579 | J101: =_xlfn.XLOOKUP($F101,設計座標!$E$13:$E$2301,設計座標!$H$13:$H$2301,"n/a",0,1) -> 0 | K101: =_xlfn.XLOOKUP($F101,設計座標!$E$13:$E$2301,設計座標!$I$13:$I$2301,"n/a",0,1) -> -3188.0832 | L101: =_xlfn.XLOOKUP($F101,設計座標!$E$13:$E$2301,設計座標!$J$13:$J$2301,"n/a",0,1) -> 680 | M101: =_xlfn.XLOOKUP($F101,survey_data!$A$2:$A$833,survey_data!$B$2:$B$833,"n/a",0,1) -> 0.30633097 | N101: =_xlfn.XLOOKUP($F101,survey_data!$A$2:$A$833,survey_data!$C$2:$C$833,"n/a",0,1) -> -3188.0832 | O101: =_xlfn.XLOOKUP($F101,survey_data!$A$2:$A$833,survey_data!$D$2:$D$833,"n/a",0,1) -> 679.78926 | P101: =$L101+$T101 -> 680.11718 | Q101: =$M101-$J101 -> 0.30633097 | R101: =$N101-$K101 -> 0 | S101: =$O101-$L101 -> -0.21074063 | T101: =$S101+測地線補正!$Q$3*(lattice!$N101/1000)^3+測地線補正!$P$3*(lattice!$N101/1000)^2+測地線補正!$O$3*(lattice!$N101/1000)+測地線補正!$N$3 -> 0.11718343 | U101: 0 | V101: 0 | W101: 0 | X101: =$Z$101-($Y$101+$Y$96)/2 -> 89.588174 | Y101: =_xlfn.XLOOKUP($F101,設計座標!$E$13:$E$2301,設計座標!$L$13:$L$2301," ",0,1) -> 50 | Z101: =SQRT(($M$101-$M$96)^2+($N$101-$N$96)^2) -> 139.58817 | AA101: =_xlfn.XLOOKUP($G101,magnet_list!$A$2:$A$592,magnet_list!$AJ$2:$AJ$592,"n/a",0,1) -> 0.091811 | AB101: =_xlfn.XLOOKUP($G101,magnet_list!$A$2:$A$592,magnet_list!$L$2:$L$592,"n/a",0,1) -> 39
A102: AT | B102: A | C102: d | D102: d | E102: a | F102: sp_at_22 | G102: sp_at_22 | I102: =_xlfn.XLOOKUP($F102,設計座標!$E$13:$E$2301,設計座標!$G$13:$G$2301,"n/a",0,1) -> 4.2575549 | J102: =_xlfn.XLOOKUP($F102,設計座標!$E$13:$E$2301,設計座標!$H$13:$H$2301,"n/a",0,1) -> 0 | K102: =_xlfn.XLOOKUP($F102,設計座標!$E$13:$E$2301,設計座標!$I$13:$I$2301,"n/a",0,1) -> -2985.0862 | L102: =_xlfn.XLOOKUP($F102,設計座標!$E$13:$E$2301,設計座標!$J$13:$J$2301,"n/a",0,1) -> 480 | M102: =$J102+$Q102 -> 0.18756985 | N102: =K102 -> -2985.0862 | O102: =$L102+$S102 -> 479.77266 | P102: =$L102+$T102 -> 480.08108 | Q102: =(Q$105-Q$101)/($N$105-$N$101)*($N102-$N$101)+Q$101 -> 0.18756985 | R102: =$N102-$K102 -> 0 | S102: =(S$105-S$101)/($N$105-$N$101)*($N102-$N$101)+S$101 -> -0.22733867 | T102: =$S102+測地線補正!$Q$3*(lattice!$N102/1000)^3+測地線補正!$P$3*(lattice!$N102/1000)^2+測地線補正!$O$3*(lattice!$N102/1000)+測地線補正!$N$3 -> 0.08107543 | U102: 0 | V102: 0 | W102: 0 | X102: =$Z$102-($Y$102+$Y$101)/2 -> 177.99703 | Y102: =_xlfn.XLOOKUP($F102,設計座標!$E$13:$E$2301,設計座標!$L$13:$L$2301," ",0,1) -> 0 | Z102: =SQRT(($M$102-$M$101)^2+($N$102-$N$101)^2) -> 202.99703
...

Sheet Sheet1
